{"v":"5.12.1","fr":25,"ip":0,"op":76,"w":280,"h":110,"nm":"Comp 1","ddd":0,"assets":[],"fonts":{"list":[{"fName":"ArialRoundedMTBold","fFamily":"Arial Rounded MT Bold","fStyle":"Regular","ascent":74.0203857421875}]},"layers":[{"ddd":0,"ind":1,"ty":4,"nm":"Shape Layer 2","td":1,"sr":1,"ks":{"o":{"a":0,"k":100,"ix":11},"r":{"a":0,"k":0,"ix":10},"p":{"a":1,"k":[{"i":{"x":0.833,"y":0.833},"o":{"x":0.167,"y":0.167},"t":0,"s":[-118,85,0],"to":[0,0,0],"ti":[0,0,0]},{"t":62,"s":[310,85,0]}],"ix":2,"l":2},"a":{"a":0,"k":[0,0,0],"ix":1,"l":2},"s":{"a":0,"k":[48.7,100,100],"ix":6,"l":2}},"ao":0,"shapes":[{"ty":"gr","it":[{"ty":"rc","d":1,"s":{"a":0,"k":[1986,74],"ix":2},"p":{"a":0,"k":[0,0],"ix":3},"r":{"a":0,"k":0,"ix":4},"nm":"Rectangle Path 1","mn":"ADBE Vector Shape - Rect","hd":false},{"ty":"gf","o":{"a":0,"k":100,"ix":10},"r":1,"bm":0,"g":{"p":2,"k":{"a":0,"k":[0,1,1,1,1,0,0,0],"ix":9}},"s":{"a":0,"k":[0,0],"ix":5},"e":{"a":0,"k":[100,0],"ix":6},"t":1,"nm":"Gradient Fill 1","mn":"ADBE Vector Graphic - G-Fill","hd":false},{"ty":"tr","p":{"a":0,"k":[-12.5,-31],"ix":2},"a":{"a":0,"k":[0,0],"ix":1},"s":{"a":0,"k":[100,100],"ix":3},"r":{"a":0,"k":0,"ix":6},"o":{"a":0,"k":100,"ix":7},"sk":{"a":0,"k":0,"ix":4},"sa":{"a":0,"k":0,"ix":5},"nm":"Transform"}],"nm":"Rectangle 1","np":3,"cix":2,"bm":0,"ix":1,"mn":"ADBE Vector Group","hd":false}],"ip":0,"op":150,"st":0,"ct":1,"bm":0},{"ddd":0,"ind":2,"ty":5,"nm":"Let’s Talk","tt":3,"tp":1,"sr":1,"ks":{"o":{"a":0,"k":100,"ix":11},"r":{"a":0,"k":0,"ix":10},"p":{"a":0,"k":[132.546,54,0],"ix":2,"l":2},"a":{"a":0,"k":[-0.797,-16.464,0],"ix":1,"l":2},"s":{"a":0,"k":[100,100,100],"ix":6,"l":2}},"ao":0,"t":{"d":{"k":[{"s":{"s":46,"f":"ArialRoundedMTBold","t":"Let’s Talk","ca":0,"j":2,"tr":0,"lh":55.2000007629395,"ls":0,"fc":[0.922,0.922,0.922]},"t":0}]},"p":{},"m":{"g":1,"a":{"a":0,"k":[0,0],"ix":2}},"a":[]},"ip":0,"op":153,"st":0,"ct":1,"bm":0},{"ddd":0,"ind":3,"ty":4,"nm":"Shape Layer 1","sr":1,"ks":{"o":{"a":0,"k":100,"ix":11},"r":{"a":0,"k":0,"ix":10},"p":{"a":0,"k":[463,54,0],"ix":2,"l":2},"a":{"a":0,"k":[436,3,0],"ix":1,"l":2},"s":{"a":0,"k":[123.3,70.7,100],"ix":6,"l":2}},"ao":0,"hasMask":true,"masksProperties":[{"inv":false,"mode":"a","pt":{"a":1,"k":[{"i":{"x":0.833,"y":0.833},"o":{"x":0.167,"y":0.167},"t":23.559,"s":[{"i":[[0,0],[0,0],[0,0],[0,0]],"o":[[0,0],[0,0],[0,0],[0,0]],"v":[[110.554,-53.501],[103.069,-53.501],[103.069,55.999],[110.554,55.999]],"c":true}]},{"t":50.8396602983192,"s":[{"i":[[0,0],[0,0],[0,0],[0,0]],"o":[[0,0],[0,0],[0,0],[0,0]],"v":[[286.548,-52.837],[103.069,-53.501],[103.069,55.999],[286.548,56.663]],"c":true}]}],"ix":1},"o":{"a":0,"k":100,"ix":3},"x":{"a":0,"k":0,"ix":4},"nm":"Mask 1"}],"shapes":[{"ty":"gr","it":[{"ty":"rc","d":1,"s":{"a":0,"k":[85,78],"ix":2},"p":{"a":0,"k":[0,0],"ix":3},"r":{"a":0,"k":0,"ix":4},"nm":"Rectangle Path 1","mn":"ADBE Vector Shape - Rect","hd":false},{"ty":"gf","o":{"a":0,"k":100,"ix":10},"r":1,"bm":0,"g":{"p":3,"k":{"a":0,"k":[0,0.553,0.38,0.114,0.5,0.635,0.486,0.257,1,0.718,0.592,0.4],"ix":9}},"s":{"a":0,"k":[0,0],"ix":5},"e":{"a":0,"k":[58.376,0],"ix":6},"t":1,"nm":"Gradient Fill 1","mn":"ADBE Vector Graphic - G-Fill","hd":false},{"ty":"tr","p":{"a":0,"k":[219.6,3],"ix":2},"a":{"a":0,"k":[0,0],"ix":1},"s":{"a":0,"k":[100,100],"ix":3},"r":{"a":0,"k":0,"ix":6},"o":{"a":0,"k":100,"ix":7},"sk":{"a":0,"k":0,"ix":4},"sa":{"a":0,"k":0,"ix":5},"nm":"Transform"}],"nm":"Rectangle 1","np":3,"cix":2,"bm":0,"ix":1,"mn":"ADBE Vector Group","hd":false}],"ip":0,"op":153,"st":-14.1808475141808,"ct":1,"bm":0}],"markers":[],"props":{},"chars":[{"ch":"L","size":46,"style":"Regular","w":60.4,"data":{"shapes":[{"ty":"gr","it":[{"ind":0,"ty":"sh","ix":1,"ks":{"a":0,"k":{"i":[[1.35,1.449],[2.18,0],[1.318,-1.465],[0,-2.93],[0,0],[-1.384,-1.399],[-3.158,0],[0,0],[-1.237,1.091],[0,1.758],[1.253,1.14],[2.344,0],[0,0],[0,0]],"o":[[-1.351,-1.448],[-2.148,0],[-1.318,1.465],[0,0],[0,3.125],[1.383,1.4],[0,0],[2.376,0],[1.237,-1.09],[0,-1.725],[-1.254,-1.139],[0,0],[0,0],[0,-2.962]],"v":[[19.995,-70.63],[14.697,-72.803],[9.497,-70.605],[7.52,-64.014],[7.52,-8.887],[9.595,-2.1],[16.406,0],[51.416,0],[56.836,-1.636],[58.691,-5.908],[56.812,-10.205],[51.416,-11.914],[22.021,-11.914],[22.021,-64.014]],"c":true},"ix":2},"nm":"L","mn":"ADBE Vector Shape - Group","hd":false}],"nm":"L","np":3,"cix":2,"bm":0,"ix":1,"mn":"ADBE Vector Group","hd":false}]},"fFamily":"Arial Rounded MT Bold"},{"ch":"e","size":46,"style":"Regular","w":59.42,"data":{"shapes":[{"ty":"gr","it":[{"ind":0,"ty":"sh","ix":1,"ks":{"a":0,"k":{"i":[[-1.921,0.993],[0,3.353],[1.855,3.484],[3.727,2.197],[5.208,0],[3.288,-1.286],[2.246,-2.409],[1.172,-3.369],[0,-3.938],[-4.753,-4.883],[-8.562,0],[-2.881,0.977],[-1.904,1.482],[-0.945,1.611],[0,1.205],[0.846,0.749],[1.367,0],[0.684,-0.586],[1.041,-0.911],[1.237,-0.797],[1.318,-0.374],[1.595,0],[1.969,1.172],[1.188,2.312],[0.032,3.027],[0,0]],"o":[[1.92,-0.993],[0,-3.613],[-1.855,-3.483],[-3.728,-2.197],[-4.004,0],[-3.288,1.286],[-2.246,2.409],[-1.172,3.369],[0,8.366],[4.752,4.883],[3.743,0],[2.881,-0.977],[1.904,-1.481],[0.944,-1.611],[0,-1.367],[-0.847,-0.748],[-1.27,0],[-1.66,1.562],[-1.042,0.912],[-1.237,0.798],[-1.318,0.375],[-2.377,0],[-1.97,-1.172],[-1.189,-2.311],[0,0],[3.483,0]],"v":[[52.197,-24.097],[55.078,-30.615],[52.295,-41.26],[43.921,-49.78],[30.518,-53.076],[19.58,-51.147],[11.279,-45.605],[6.152,-36.938],[4.395,-25.977],[11.523,-6.104],[31.494,1.221],[41.431,-0.244],[48.608,-3.931],[52.881,-8.569],[54.297,-12.793],[53.027,-15.967],[49.707,-17.09],[46.777,-16.211],[42.725,-12.5],[39.307,-9.937],[35.474,-8.179],[31.104,-7.617],[24.585,-9.375],[19.849,-14.6],[18.018,-22.607],[44.092,-22.607]],"c":true},"ix":2},"nm":"e","mn":"ADBE Vector Shape - Group","hd":false},{"ind":1,"ty":"sh","ix":2,"ks":{"a":0,"k":{"i":[[-2.132,2.295],[-3.32,0],[-2.132,-2.262],[-0.326,-4.557],[0,0]],"o":[[2.132,-2.295],[3.483,0],[2.132,2.263],[0,0],[0.455,-4.492]],"v":[[21.899,-40.356],[30.078,-43.799],[38.501,-40.405],[42.188,-30.176],[18.018,-30.176]],"c":true},"ix":2},"nm":"e","mn":"ADBE Vector Shape - Group","hd":false}],"nm":"e","np":5,"cix":2,"bm":0,"ix":1,"mn":"ADBE Vector Group","hd":false}]},"fFamily":"Arial Rounded MT Bold"},{"ch":"t","size":46,"style":"Regular","w":35.4,"data":{"shapes":[{"ty":"gr","it":[{"ind":0,"ty":"sh","ix":1,"ks":{"a":0,"k":{"i":[[1.057,-0.895],[0,-1.399],[-1.009,-0.911],[-1.921,0],[0,0],[0,0],[-0.668,-2.473],[-2.148,-1.399],[-4.167,0],[-2.344,1.139],[0,2.148],[0.862,0.863],[1.074,0],[1.334,-0.276],[0.781,0],[0.635,0.7],[0.146,1.123],[0,2.084],[0,0],[0,0],[-1.416,0.716],[0,1.791],[0.993,0.896],[1.888,0],[0,0],[0,0],[0.244,1.221],[0.911,0.847],[1.692,0],[0.977,-0.569],[0.52,-0.911],[0.114,-1.221],[0,-2.148],[0,0],[0,0]],"o":[[-1.058,0.896],[0,1.4],[1.009,0.912],[0,0],[0,0],[0,4.134],[0.667,2.474],[2.148,1.399],[4.395,0],[2.344,-1.139],[0,-1.27],[-0.863,-0.862],[-0.749,0],[-1.335,0.277],[-1.433,0],[-0.635,-0.7],[-0.146,-1.123],[0,0],[0,0],[2.637,0],[1.416,-0.716],[0,-1.399],[-0.993,-0.895],[0,0],[0,0],[0,-2.246],[-0.244,-1.221],[-1.367,-1.27],[-1.205,0],[-0.977,0.57],[-0.521,0.879],[-0.114,1.221],[0,0],[0,0],[-2.019,0]],"v":[[3.003,-50.464],[1.416,-47.021],[2.93,-43.555],[7.324,-42.188],[9.082,-42.188],[9.082,-16.602],[10.083,-6.689],[14.307,-0.879],[23.779,1.221],[33.887,-0.488],[37.402,-5.42],[36.108,-8.618],[33.203,-9.912],[30.078,-9.497],[26.904,-9.082],[23.804,-10.132],[22.632,-12.866],[22.412,-17.676],[22.412,-42.188],[24.902,-42.188],[30.981,-43.262],[33.105,-47.021],[31.616,-50.464],[27.295,-51.807],[22.412,-51.807],[22.412,-60.889],[22.046,-66.089],[20.312,-69.189],[15.723,-71.094],[12.451,-70.239],[10.205,-68.018],[9.253,-64.868],[9.082,-59.814],[9.082,-51.807],[7.617,-51.807]],"c":true},"ix":2},"nm":"t","mn":"ADBE Vector Shape - Group","hd":false}],"nm":"t","np":3,"cix":2,"bm":0,"ix":1,"mn":"ADBE Vector Group","hd":false}]},"fFamily":"Arial Rounded MT Bold"},{"ch":"’","size":46,"style":"Regular","w":31.3,"data":{"shapes":[{"ty":"gr","it":[{"ind":0,"ty":"sh","ix":1,"ks":{"a":0,"k":{"i":[[0.977,-1.204],[1.725,-1.009],[0,-1.465],[-0.635,-0.635],[-1.009,0],[-1.97,1.644],[-1.367,2.816],[0,3.223],[0.716,1.644],[1.302,0.863],[1.497,0],[1.481,-1.399],[0,-2.083],[-1.482,-1.481],[-1.823,0],[0,0]],"o":[[-0.977,1.205],[-1.335,0.684],[0,0.912],[0.635,0.635],[1.595,0],[1.969,-1.643],[1.367,-2.815],[0,-2.376],[-0.716,-1.643],[-1.302,-0.862],[-2.181,0],[-1.482,1.4],[0,2.019],[1.481,1.482],[0,0],[-0.13,1.921]],"v":[[14.258,-53.32],[10.205,-50],[8.203,-46.777],[9.155,-44.458],[11.621,-43.506],[16.968,-45.972],[21.973,-52.661],[24.023,-61.719],[22.949,-67.749],[19.922,-71.509],[15.723,-72.803],[10.229,-70.703],[8.008,-65.479],[10.229,-60.229],[15.186,-58.008],[15.918,-58.008]],"c":true},"ix":2},"nm":"’","mn":"ADBE Vector Shape - Group","hd":false}],"nm":"’","np":3,"cix":2,"bm":0,"ix":1,"mn":"ADBE Vector Group","hd":false}]},"fFamily":"Arial Rounded MT Bold"},{"ch":"s","size":46,"style":"Regular","w":54.2,"data":{"shapes":[{"ty":"gr","it":[{"ind":0,"ty":"sh","ix":1,"ks":{"a":0,"k":{"i":[[1.35,1.904],[2.62,1.4],[4.134,1.009],[1.985,0.586],[1.172,0.896],[0,1.4],[-1.595,1.025],[-2.409,0],[-1.367,-0.781],[-1.009,-1.302],[-0.961,-0.781],[-1.367,0],[-1.025,0.977],[0,1.53],[0.96,1.465],[1.839,1.205],[2.75,0.716],[3.45,0],[3.108,-1.416],[1.595,-2.376],[0,-2.669],[-1.726,-2.051],[-2.881,-1.253],[-4.59,-1.139],[-1.775,-1.074],[0,-2.344],[1.709,-1.188],[2.669,0],[1.904,1.172],[1.367,2.377],[0.748,0.684],[1.399,0],[1.041,-1.041],[0,-1.465],[-1.628,-2.197],[-3.418,-1.465],[-4.785,0],[-3.5,1.35],[-1.791,2.621],[0,3.679]],"o":[[-1.351,-1.904],[-2.621,-1.399],[-3.484,-0.846],[-1.986,-0.586],[-1.172,-0.895],[0,-1.53],[1.595,-1.025],[2.344,0],[1.367,0.781],[1.237,1.562],[0.96,0.781],[1.888,0],[1.025,-0.977],[0,-1.399],[-0.961,-1.465],[-1.839,-1.204],[-2.751,-0.716],[-4.395,0],[-3.109,1.416],[-1.595,2.377],[0,2.995],[1.725,2.051],[2.881,1.254],[4.069,0.977],[1.774,1.074],[0,1.53],[-1.709,1.189],[-3.288,0],[-1.904,-1.172],[-0.684,-1.237],[-0.749,-0.684],[-1.595,0],[-1.042,1.042],[0,2.214],[1.627,2.197],[3.418,1.465],[5.013,0],[3.499,-1.35],[1.79,-2.62],[0,-2.441]],"v":[[47.778,-22.729],[41.821,-27.686],[31.689,-31.299],[23.486,-33.447],[18.75,-35.669],[16.992,-39.111],[19.385,-42.944],[25.391,-44.482],[30.957,-43.311],[34.521,-40.186],[37.817,-36.67],[41.309,-35.498],[45.679,-36.963],[47.217,-40.723],[45.776,-45.02],[41.577,-49.023],[34.692,-51.904],[25.391,-52.979],[14.136,-50.854],[7.08,-45.166],[4.688,-37.598],[7.275,-30.029],[14.185,-25.073],[25.391,-21.484],[34.155,-18.408],[36.816,-13.281],[34.253,-9.204],[27.686,-7.422],[19.897,-9.18],[14.99,-14.502],[12.842,-17.383],[9.619,-18.408],[5.664,-16.846],[4.102,-13.086],[6.543,-6.47],[14.111,-0.977],[26.416,1.221],[39.185,-0.806],[47.119,-6.763],[49.805,-16.211]],"c":true},"ix":2},"nm":"s","mn":"ADBE Vector Shape - Group","hd":false}],"nm":"s","np":3,"cix":2,"bm":0,"ix":1,"mn":"ADBE Vector Group","hd":false}]},"fFamily":"Arial Rounded MT Bold"},{"ch":" ","size":46,"style":"Regular","w":25,"data":{},"fFamily":"Arial Rounded MT Bold"},{"ch":"T","size":46,"style":"Regular","w":62.5,"data":{"shapes":[{"ty":"gr","it":[{"ind":0,"ty":"sh","ix":1,"ks":{"a":0,"k":{"i":[[-1.237,1.091],[0,1.791],[1.221,1.107],[2.506,0],[0,0],[1.253,-1.074],[0,-1.855],[-1.205,-1.09],[-2.474,0],[0,0],[0,0],[-1.351,-1.465],[-2.148,0],[-1.335,1.448],[0,2.995],[0,0],[0,0]],"o":[[1.237,-1.09],[0,-1.79],[-1.221,-1.106],[0,0],[-2.377,0],[-1.254,1.074],[0,1.791],[1.204,1.091],[0,0],[0,0],[0,2.962],[1.35,1.465],[2.116,0],[1.334,-1.448],[0,0],[0,0],[2.473,0]],"v":[[59.863,-61.255],[61.719,-65.576],[59.888,-69.922],[54.297,-71.582],[8.203,-71.582],[2.759,-69.971],[0.879,-65.576],[2.686,-61.255],[8.203,-59.619],[24.023,-59.619],[24.023,-7.617],[26.05,-0.977],[31.299,1.221],[36.475,-0.952],[38.477,-7.617],[38.477,-59.619],[54.297,-59.619]],"c":true},"ix":2},"nm":"T","mn":"ADBE Vector Shape - Group","hd":false}],"nm":"T","np":3,"cix":2,"bm":0,"ix":1,"mn":"ADBE Vector Group","hd":false}]},"fFamily":"Arial Rounded MT Bold"},{"ch":"a","size":46,"style":"Regular","w":59.42,"data":{"shapes":[{"ty":"gr","it":[{"ind":0,"ty":"sh","ix":1,"ks":{"a":0,"k":{"i":[[-1.335,-1.286],[-1.367,0],[-1.286,1.123],[0,1.367],[0.83,2.718],[0,2.507],[-0.017,2.181],[0,3.125],[1.383,2.995],[3.352,1.384],[5.859,0],[3.516,-1.432],[1.66,-2.213],[0,-2.344],[-1.091,-0.96],[-1.498,0],[-0.505,0.603],[-1.221,1.888],[-1.709,0.945],[-3.386,0],[-1.254,-1.643],[-0.163,-3.516],[2.393,-0.569],[3.352,-0.684],[0.846,-0.195],[2.311,-2.571],[0,-3.645],[-1.4,-2.311],[-2.588,-1.35],[-3.418,0],[-3.011,1.253],[-3.223,2.507]],"o":[[1.334,1.286],[1.627,0],[1.286,-1.123],[0,-0.781],[-0.83,-2.718],[0.032,-2.669],[0.016,-2.18],[0,-4.948],[-1.384,-2.995],[-3.353,-1.383],[-5.241,0],[-3.516,1.433],[-1.66,2.214],[0,1.498],[1.09,0.961],[1.66,0],[0.504,-0.602],[1.221,-1.888],[1.709,-0.944],[3.938,0],[1.253,1.644],[-2.8,0.814],[-2.393,0.57],[-3.353,0.684],[-4.037,0.879],[-2.312,2.572],[0,2.702],[1.399,2.312],[2.588,1.35],[3.743,0],[3.011,-1.253],[1.497,2.441]],"v":[[44.824,-0.708],[48.877,1.221],[53.247,-0.464],[55.176,-4.199],[53.931,-9.448],[52.686,-17.285],[52.759,-24.561],[52.783,-32.52],[50.708,-44.434],[43.604,-51.001],[29.785,-53.076],[16.65,-50.928],[8.887,-45.459],[6.396,-38.623],[8.032,-34.937],[11.914,-33.496],[15.161,-34.399],[17.749,-38.135],[22.144,-42.383],[29.785,-43.799],[37.573,-41.333],[39.697,-33.594],[31.909,-31.519],[23.291,-29.639],[16.992,-28.32],[7.471,-23.145],[4.004,-13.818],[6.104,-6.299],[12.085,-0.806],[21.094,1.221],[31.226,-0.659],[40.576,-6.299]],"c":true},"ix":2},"nm":"a","mn":"ADBE Vector Shape - Group","hd":false},{"ind":1,"ty":"sh","ix":2,"ks":{"a":0,"k":{"i":[[0,0],[1.204,-2.018],[2.229,-1.155],[2.637,0],[1.53,1.416],[0,2.019],[-1.302,1.091],[-1.433,0.375],[-3.728,0.798],[-1.953,0.716]],"o":[[0,4.623],[-1.042,1.823],[-2.23,1.156],[-2.474,0],[-1.53,-1.416],[0,-1.953],[1.302,-1.09],[1.432,-0.374],[3.727,-0.797],[0,0]],"v":[[39.697,-23.682],[37.891,-13.721],[32.983,-9.253],[25.684,-7.52],[19.678,-9.644],[17.383,-14.795],[19.336,-19.36],[23.438,-21.558],[31.177,-23.315],[39.697,-25.586]],"c":true},"ix":2},"nm":"a","mn":"ADBE Vector Shape - Group","hd":false}],"nm":"a","np":5,"cix":2,"bm":0,"ix":1,"mn":"ADBE Vector Group","hd":false}]},"fFamily":"Arial Rounded MT Bold"},{"ch":"l","size":46,"style":"Regular","w":27.1,"data":{"shapes":[{"ty":"gr","it":[{"ind":0,"ty":"sh","ix":1,"ks":{"a":0,"k":{"i":[[-1.221,-1.399],[-1.953,0],[-1.254,1.35],[0,2.702],[0,0],[1.237,1.351],[2.018,0],[1.188,-1.367],[0,-2.669],[0,0]],"o":[[1.221,1.399],[1.985,0],[1.253,-1.35],[0,0],[0,-2.702],[-1.237,-1.35],[-2.019,0],[-1.189,1.367],[0,0],[0,2.605]],"v":[[8.716,-0.879],[13.477,1.221],[18.335,-0.806],[20.215,-6.885],[20.215,-64.697],[18.359,-70.776],[13.477,-72.803],[8.667,-70.752],[6.885,-64.697],[6.885,-6.885]],"c":true},"ix":2},"nm":"l","mn":"ADBE Vector Shape - Group","hd":false}],"nm":"l","np":3,"cix":2,"bm":0,"ix":1,"mn":"ADBE Vector Group","hd":false}]},"fFamily":"Arial Rounded MT Bold"},{"ch":"k","size":46,"style":"Regular","w":57.32,"data":{"shapes":[{"ty":"gr","it":[{"ind":0,"ty":"sh","ix":1,"ks":{"a":0,"k":{"i":[[-0.879,-0.879],[-1.628,0],[-1.156,1.221],[0,2.116],[0.439,0.83],[1.009,1.595],[0,0],[0,0],[0,1.953],[1.106,1.058],[1.66,0],[0.977,-0.716],[1.855,-1.953],[0,0],[0,0],[1.204,1.4],[2.051,0],[1.139,-1.546],[0,-2.962],[0,0],[-1.172,-1.367],[-2.051,0],[-1.351,1.383],[0,2.572],[0,0],[0,0],[0,0]],"o":[[0.879,0.879],[1.888,0],[1.155,-1.221],[0,-0.748],[-0.439,-0.83],[0,0],[0,0],[3.613,-3.255],[0,-1.595],[-1.107,-1.057],[-1.4,0],[-0.977,0.716],[0,0],[0,0],[0,-2.734],[-1.205,-1.399],[-2.116,0],[-1.14,1.546],[0,0],[0,2.67],[1.172,1.367],[1.758,0],[1.35,-1.383],[0,0],[0,0],[0,0],[1.497,2.312]],"v":[[43.652,-0.098],[47.412,1.221],[51.978,-0.61],[53.711,-5.615],[53.052,-7.983],[50.879,-11.621],[37.207,-33.105],[44.287,-39.6],[49.707,-47.412],[48.047,-51.392],[43.896,-52.979],[40.332,-51.904],[36.084,-47.9],[21.094,-32.178],[21.094,-64.502],[19.287,-70.703],[14.404,-72.803],[9.521,-70.483],[7.812,-63.721],[7.812,-6.885],[9.57,-0.83],[14.404,1.221],[19.067,-0.854],[21.094,-6.787],[21.094,-17.383],[28.32,-24.219],[40.088,-4.883]],"c":true},"ix":2},"nm":"k","mn":"ADBE Vector Shape - Group","hd":false}],"nm":"k","np":3,"cix":2,"bm":0,"ix":1,"mn":"ADBE Vector Group","hd":false}]},"fFamily":"Arial Rounded MT Bold"}]}