{"v":"5.12.1","fr":25,"ip":0,"op":76,"w":665,"h":230,"nm":"Comp 1","ddd":0,"assets":[],"fonts":{"list":[{"fName":"ArialRoundedMTBold","fFamily":"Arial Rounded MT Bold","fStyle":"Regular","ascent":74.0203857421875}]},"layers":[{"ddd":0,"ind":1,"ty":4,"nm":"Shape Layer 2","td":1,"sr":1,"ks":{"o":{"a":0,"k":100,"ix":11},"r":{"a":0,"k":0,"ix":10},"p":{"a":1,"k":[{"i":{"x":0.833,"y":0.833},"o":{"x":0.167,"y":0.167},"t":0,"s":[-111.5,115,0],"to":[0,0,0],"ti":[0,0,0]},{"t":50,"s":[630.5,115,0]}],"ix":2,"l":2},"a":{"a":0,"k":[0,0,0],"ix":1,"l":2},"s":{"a":0,"k":[100,100,100],"ix":6,"l":2}},"ao":0,"shapes":[{"ty":"gr","it":[{"ty":"rc","d":1,"s":{"a":0,"k":[1155,74],"ix":2},"p":{"a":0,"k":[0,0],"ix":3},"r":{"a":0,"k":0,"ix":4},"nm":"Rectangle Path 1","mn":"ADBE Vector Shape - Rect","hd":false},{"ty":"gf","o":{"a":0,"k":100,"ix":10},"r":1,"bm":0,"g":{"p":2,"k":{"a":0,"k":[0,1,1,1,1,0,0,0],"ix":9}},"s":{"a":0,"k":[0,0],"ix":5},"e":{"a":0,"k":[100,0],"ix":6},"t":1,"nm":"Gradient Fill 1","mn":"ADBE Vector Graphic - G-Fill","hd":false},{"ty":"tr","p":{"a":0,"k":[-12.5,-31],"ix":2},"a":{"a":0,"k":[0,0],"ix":1},"s":{"a":0,"k":[100,100],"ix":3},"r":{"a":0,"k":0,"ix":6},"o":{"a":0,"k":100,"ix":7},"sk":{"a":0,"k":0,"ix":4},"sa":{"a":0,"k":0,"ix":5},"nm":"Transform"}],"nm":"Rectangle 1","np":3,"cix":2,"bm":0,"ix":1,"mn":"ADBE Vector Group","hd":false}],"ip":0,"op":150,"st":0,"ct":1,"bm":0},{"ddd":0,"ind":2,"ty":5,"nm":"Check out the Feedback","tt":3,"tp":1,"sr":1,"ks":{"o":{"a":0,"k":100,"ix":11},"r":{"a":0,"k":0,"ix":10},"p":{"a":0,"k":[332.5,84,0],"ix":2,"l":2},"a":{"a":0,"k":[-0.797,-16.464,0],"ix":1,"l":2},"s":{"a":0,"k":[100,100,100],"ix":6,"l":2}},"ao":0,"t":{"d":{"k":[{"s":{"s":46,"f":"ArialRoundedMTBold","t":"Check out the Feedback","ca":0,"j":2,"tr":0,"lh":55.2000007629395,"ls":0,"fc":[0.922,0.922,0.922]},"t":0}]},"p":{},"m":{"g":1,"a":{"a":0,"k":[0,0],"ix":2}},"a":[]},"ip":0,"op":153,"st":0,"ct":1,"bm":0},{"ddd":0,"ind":3,"ty":4,"nm":"Shape Layer 3","td":1,"sr":1,"ks":{"o":{"a":0,"k":100,"ix":11},"r":{"a":0,"k":0,"ix":10},"p":{"a":1,"k":[{"i":{"x":0.833,"y":0.833},"o":{"x":0.167,"y":0.167},"t":22,"s":[-111.5,184,0],"to":[0,0,0],"ti":[0,0,0]},{"t":53,"s":[641.5,184,0]}],"ix":2,"l":2},"a":{"a":0,"k":[0,0,0],"ix":1,"l":2},"s":{"a":0,"k":[100,100,100],"ix":6,"l":2}},"ao":0,"shapes":[{"ty":"gr","it":[{"ty":"rc","d":1,"s":{"a":0,"k":[1255,74],"ix":2},"p":{"a":0,"k":[0,0],"ix":3},"r":{"a":0,"k":0,"ix":4},"nm":"Rectangle Path 1","mn":"ADBE Vector Shape - Rect","hd":false},{"ty":"gf","o":{"a":0,"k":100,"ix":10},"r":1,"bm":0,"g":{"p":2,"k":{"a":0,"k":[0,1,1,1,1,0,0,0],"ix":9}},"s":{"a":0,"k":[0,0],"ix":5},"e":{"a":0,"k":[100,0],"ix":6},"t":1,"nm":"Gradient Fill 1","mn":"ADBE Vector Graphic - G-Fill","hd":false},{"ty":"tr","p":{"a":0,"k":[-12.5,-31],"ix":2},"a":{"a":0,"k":[0,0],"ix":1},"s":{"a":0,"k":[100,100],"ix":3},"r":{"a":0,"k":0,"ix":6},"o":{"a":0,"k":100,"ix":7},"sk":{"a":0,"k":0,"ix":4},"sa":{"a":0,"k":0,"ix":5},"nm":"Transform"}],"nm":"Rectangle 1","np":3,"cix":2,"bm":0,"ix":1,"mn":"ADBE Vector Group","hd":false}],"ip":22,"op":172,"st":22,"ct":1,"bm":0},{"ddd":0,"ind":4,"ty":5,"nm":"Education and Professional 2","tt":3,"tp":3,"sr":1,"ks":{"o":{"a":0,"k":100,"ix":11},"r":{"a":0,"k":0,"ix":10},"p":{"a":0,"k":[332.5,155.145,0],"ix":2,"l":2},"a":{"a":0,"k":[0.966,-11.916,0],"ix":1,"l":2},"s":{"a":0,"k":[100,100,100],"ix":6,"l":2}},"ao":0,"t":{"d":{"k":[{"s":{"s":46,"f":"ArialRoundedMTBold","t":"from People I’ve worked with","ca":0,"j":2,"tr":0,"lh":55.2000007629395,"ls":0,"fc":[0.922,0.922,0.922]},"t":0}]},"p":{},"m":{"g":1,"a":{"a":0,"k":[0,0],"ix":2}},"a":[]},"ip":0,"op":153,"st":-21.6883550216884,"ct":1,"bm":0},{"ddd":0,"ind":5,"ty":4,"nm":"Shape Layer 1","sr":1,"ks":{"o":{"a":0,"k":100,"ix":11},"r":{"a":0,"k":0,"ix":10},"p":{"a":0,"k":[506.5,86,0],"ix":2,"l":2},"a":{"a":0,"k":[436,3,0],"ix":1,"l":2},"s":{"a":0,"k":[117.273,66.667,100],"ix":6,"l":2}},"ao":0,"hasMask":true,"masksProperties":[{"inv":false,"mode":"a","pt":{"a":1,"k":[{"i":{"x":0.833,"y":0.833},"o":{"x":0.167,"y":0.167},"t":15,"s":[{"i":[[0,0],[0,0],[0,0],[0,0]],"o":[[0,0],[0,0],[0,0],[0,0]],"v":[[298.713,-54],[311.504,-54],[311.504,55.5],[298.713,55.5]],"c":true}]},{"t":37.9998165483192,"s":[{"i":[[0,0],[0,0],[0,0],[0,0]],"o":[[0,0],[0,0],[0,0],[0,0]],"v":[[557.938,-54],[311.504,-54],[311.504,55.5],[557.938,55.5]],"c":true}]}],"ix":1},"o":{"a":0,"k":100,"ix":3},"x":{"a":0,"k":0,"ix":4},"nm":"Mask 1"}],"shapes":[{"ty":"gr","it":[{"ty":"rc","d":1,"s":{"a":0,"k":[194,78],"ix":2},"p":{"a":0,"k":[0,0],"ix":3},"r":{"a":0,"k":0,"ix":4},"nm":"Rectangle Path 1","mn":"ADBE Vector Shape - Rect","hd":false},{"ty":"gf","o":{"a":0,"k":100,"ix":10},"r":1,"bm":0,"g":{"p":3,"k":{"a":0,"k":[0,0.553,0.38,0.114,0.5,0.635,0.486,0.257,1,0.718,0.592,0.4],"ix":9}},"s":{"a":0,"k":[0,0],"ix":5},"e":{"a":0,"k":[266,0],"ix":6},"t":1,"nm":"Gradient Fill 1","mn":"ADBE Vector Graphic - G-Fill","hd":false},{"ty":"tr","p":{"a":0,"k":[424.062,1.5],"ix":2},"a":{"a":0,"k":[0,0],"ix":1},"s":{"a":0,"k":[100,100],"ix":3},"r":{"a":0,"k":0,"ix":6},"o":{"a":0,"k":100,"ix":7},"sk":{"a":0,"k":0,"ix":4},"sa":{"a":0,"k":0,"ix":5},"nm":"Transform"}],"nm":"Rectangle 1","np":3,"cix":2,"bm":0,"ix":1,"mn":"ADBE Vector Group","hd":false}],"ip":0,"op":153,"st":-14.1808475141808,"ct":1,"bm":0}],"markers":[],"props":{},"chars":[{"ch":"f","size":46,"style":"Regular","w":37.01,"data":{"shapes":[{"ty":"gr","it":[{"ind":0,"ty":"sh","ix":1,"ks":{"a":0,"k":{"i":[[0,-3.19],[-1.074,-0.895],[-1.986,0],[0,0],[0,0],[-1.254,-1.383],[-1.888,0],[-1.254,1.383],[0,2.637],[0,0],[0,0],[-1.351,0.586],[0,2.181],[5.078,0],[0,0],[0,0],[-0.684,1.416],[-2.409,0],[-1.27,-0.195],[-0.521,0],[-0.814,0.879],[0,1.237],[7.78,0],[2.522,-1.123],[1.057,-2.457],[0,-4.166],[0,0],[0,0]],"o":[[0,1.433],[1.074,0.896],[0,0],[0,0],[0,2.637],[1.253,1.383],[1.985,0],[1.253,-1.383],[0,0],[0,0],[2.376,0],[1.35,-0.586],[0,-3.059],[0,0],[0,0],[0,-2.637],[0.684,-1.416],[0.879,0],[1.27,0.195],[1.106,0],[0.813,-0.879],[0,-3.809],[-4.395,0],[-2.523,1.123],[-1.058,2.458],[0,0],[0,0],[-4.46,0]],"v":[[-0.879,-47.021],[0.732,-43.53],[5.322,-42.188],[8.984,-42.188],[8.984,-6.885],[10.864,-0.854],[15.576,1.221],[20.435,-0.854],[22.314,-6.885],[22.314,-42.188],[25.586,-42.188],[31.177,-43.066],[33.203,-47.217],[25.586,-51.807],[22.314,-51.807],[22.314,-54.98],[23.34,-61.06],[27.979,-63.184],[31.201,-62.891],[33.887,-62.598],[36.768,-63.916],[37.988,-67.09],[26.318,-72.803],[15.942,-71.118],[10.571,-65.747],[8.984,-55.811],[8.984,-51.807],[5.811,-51.807]],"c":true},"ix":2},"nm":"f","mn":"ADBE Vector Shape - Group","hd":false}],"nm":"f","np":3,"cix":2,"bm":0,"ix":1,"mn":"ADBE Vector Group","hd":false}]},"fFamily":"Arial Rounded MT Bold"},{"ch":"r","size":46,"style":"Regular","w":42.48,"data":{"shapes":[{"ty":"gr","it":[{"ind":0,"ty":"sh","ix":1,"ks":{"a":0,"k":{"i":[[-0.261,2.783],[-0.684,2.019],[-1.237,1.025],[-1.953,0],[-1.872,-0.602],[-0.488,0],[-1.123,1.058],[0,1.628],[2.637,1.4],[2.799,0],[1.676,-1.399],[1.595,-2.734],[0.977,1.4],[2.213,0],[0,-5.989],[0,0],[-1.237,-1.367],[-1.921,0],[-1.27,1.35],[0,2.702],[0,0]],"o":[[0.26,-2.783],[0.684,-2.018],[1.237,-1.025],[1.432,0],[1.871,0.603],[1.302,0],[1.123,-1.057],[0,-2.311],[-2.637,-1.399],[-2.8,0],[-1.677,1.4],[-0.098,-2.734],[-0.977,-1.399],[-4.33,0],[0,0],[0,2.67],[1.237,1.367],[1.953,0],[1.27,-1.35],[0,0],[0,-4.004]],"v":[[20.508,-28.198],[21.924,-35.4],[24.805,-39.966],[29.59,-41.504],[34.546,-40.601],[38.086,-39.697],[41.724,-41.284],[43.408,-45.312],[39.453,-50.879],[31.299,-52.979],[24.585,-50.879],[19.678,-44.678],[18.066,-50.879],[13.281,-52.979],[6.787,-43.994],[6.787,-6.885],[8.643,-0.83],[13.379,1.221],[18.213,-0.806],[20.117,-6.885],[20.117,-18.018]],"c":true},"ix":2},"nm":"r","mn":"ADBE Vector Shape - Group","hd":false}],"nm":"r","np":3,"cix":2,"bm":0,"ix":1,"mn":"ADBE Vector Group","hd":false}]},"fFamily":"Arial Rounded MT Bold"},{"ch":"o","size":46,"style":"Regular","w":60.4,"data":{"shapes":[{"ty":"gr","it":[{"ind":0,"ty":"sh","ix":1,"ks":{"a":0,"k":{"i":[[1.221,3.32],[2.344,2.409],[3.288,1.302],[4.036,0],[3.288,-1.286],[2.311,-2.376],[1.237,-3.352],[0,-4.036],[-1.221,-3.304],[-2.361,-2.425],[-3.223,-1.302],[-4.037,0],[-3.255,1.286],[-2.344,2.409],[-1.237,3.353],[0,3.972]],"o":[[-1.221,-3.32],[-2.344,-2.409],[-3.288,-1.302],[-3.972,0],[-3.288,1.286],[-2.312,2.377],[-1.237,3.353],[0,4.004],[1.221,3.304],[2.36,2.425],[3.223,1.302],[4.069,0],[3.255,-1.286],[2.344,-2.409],[1.237,-3.352],[0,-4.004]],"v":[[54.956,-36.865],[49.609,-45.459],[41.162,-51.025],[30.176,-52.979],[19.287,-51.05],[10.889,-45.557],[5.566,-36.963],[3.711,-25.879],[5.542,-14.917],[10.913,-6.323],[19.287,-0.732],[30.176,1.221],[41.162,-0.708],[49.561,-6.25],[54.932,-14.893],[56.787,-25.879]],"c":true},"ix":2},"nm":"o","mn":"ADBE Vector Shape - Group","hd":false},{"ind":1,"ty":"sh","ix":2,"ks":{"a":0,"k":{"i":[[2.393,-3.043],[4.036,0],[1.969,1.384],[1.057,2.605],[0,3.484],[-1.074,2.637],[-1.986,1.351],[-2.605,0],[-2.393,-3.027],[0,-5.436]],"o":[[-2.393,3.044],[-2.67,0],[-1.97,-1.383],[-1.058,-2.604],[0,-3.516],[1.074,-2.637],[1.985,-1.35],[4.036,0],[2.393,3.027],[0,5.371]],"v":[[39.819,-13.257],[30.176,-8.691],[23.218,-10.767],[18.677,-16.748],[17.09,-25.879],[18.701,-35.107],[23.291,-41.089],[30.176,-43.115],[39.819,-38.574],[43.408,-25.879]],"c":true},"ix":2},"nm":"o","mn":"ADBE Vector Shape - Group","hd":false}],"nm":"o","np":5,"cix":2,"bm":0,"ix":1,"mn":"ADBE Vector Group","hd":false}]},"fFamily":"Arial Rounded MT Bold"},{"ch":"m","size":46,"style":"Regular","w":88.48,"data":{"shapes":[{"ty":"gr","it":[{"ind":0,"ty":"sh","ix":1,"ks":{"a":0,"k":{"i":[[-0.977,2.246],[-1.579,1.042],[-1.758,0],[-1.074,-1.172],[-0.244,-1.725],[0,-2.864],[0,0],[-1.286,-1.416],[-2.019,0],[-1.27,1.399],[0,2.8],[0,0],[1.139,2.409],[2.637,1.433],[3.645,0],[2.571,-1.318],[2.246,-2.734],[2.409,1.335],[3.352,0],[2.637,-1.302],[2.311,-2.766],[0,0],[1.221,1.221],[1.823,0],[1.155,-1.302],[0,-2.506],[0,0],[-1.286,-1.416],[-2.019,0],[-1.254,1.416],[0,2.767],[0,0],[-1.384,2.995],[-4.362,0],[-1.009,-1.188],[-0.228,-1.855],[0,-3.352],[0,0],[-1.254,-1.399],[-2.019,0],[-1.27,1.399],[0,2.8],[0,0]],"o":[[0.879,-1.758],[1.579,-1.041],[2.18,0],[1.074,1.172],[0.244,1.726],[0,0],[0,2.767],[1.286,1.416],[2.083,0],[1.27,-1.399],[0,0],[0,-5.176],[-1.302,-2.669],[-2.637,-1.432],[-3.125,0],[-2.572,1.318],[-1.562,-2.702],[-2.409,-1.334],[-3.223,0],[-2.637,1.302],[0,0],[0,-2.148],[-1.221,-1.221],[-1.888,0],[-1.156,1.302],[0,0],[0,2.767],[1.286,1.416],[2.051,0],[1.253,-1.416],[0,0],[0,-5.598],[1.383,-2.995],[2.18,0],[1.009,1.189],[0.227,1.855],[0,0],[0,2.8],[1.253,1.399],[2.083,0],[1.27,-1.399],[0,0],[0,-5.696]],"v":[[52.686,-36.816],[56.372,-41.016],[61.377,-42.578],[66.26,-40.82],[68.237,-36.475],[68.604,-29.59],[68.604,-7.178],[70.532,-0.903],[75.488,1.221],[80.518,-0.879],[82.422,-7.178],[82.422,-33.203],[80.713,-44.58],[74.805,-50.732],[65.381,-52.881],[56.836,-50.903],[49.609,-44.824],[43.652,-50.879],[35.01,-52.881],[26.221,-50.928],[18.799,-44.824],[18.799,-46.094],[16.968,-51.147],[12.402,-52.979],[7.837,-51.025],[6.104,-45.312],[6.104,-7.178],[8.032,-0.903],[12.988,1.221],[17.944,-0.903],[19.824,-7.178],[19.824,-25.195],[21.899,-38.086],[30.518,-42.578],[35.303,-40.796],[37.158,-36.23],[37.5,-28.418],[37.5,-7.178],[39.38,-0.879],[44.287,1.221],[49.316,-0.879],[51.221,-7.178],[51.221,-24.902]],"c":true},"ix":2},"nm":"m","mn":"ADBE Vector Shape - Group","hd":false}],"nm":"m","np":3,"cix":2,"bm":0,"ix":1,"mn":"ADBE Vector Group","hd":false}]},"fFamily":"Arial Rounded MT Bold"},{"ch":" ","size":46,"style":"Regular","w":25,"data":{},"fFamily":"Arial Rounded MT Bold"},{"ch":"P","size":46,"style":"Regular","w":66.7,"data":{"shapes":[{"ty":"gr","it":[{"ind":0,"ty":"sh","ix":1,"ks":{"a":0,"k":{"i":[[-4.492,3.76],[0,7.292],[1.106,2.734],[2.132,1.888],[2.93,0.814],[5.501,0],[0,0],[1.465,-1.367],[0,-3.19],[0,0],[-1.335,-1.481],[-2.181,0],[-1.367,1.497],[0,2.898],[0,0],[0,0]],"o":[[4.492,-3.76],[0,-3.418],[-1.107,-2.734],[-2.132,-1.888],[-2.962,-0.846],[0,0],[-3.191,0],[-1.465,1.367],[0,0],[0,2.865],[1.334,1.481],[2.083,0],[1.367,-1.497],[0,0],[0,0],[8.887,0]],"v":[[55.664,-33.521],[62.402,-50.098],[60.742,-59.326],[55.884,-66.26],[48.291,-70.312],[35.596,-71.582],[16.992,-71.582],[10.01,-69.531],[7.812,-62.695],[7.812,-7.52],[9.814,-1.001],[15.088,1.221],[20.264,-1.025],[22.314,-7.617],[22.314,-27.881],[35.596,-27.881]],"c":true},"ix":2},"nm":"P","mn":"ADBE Vector Shape - Group","hd":false},{"ind":1,"ty":"sh","ix":2,"ks":{"a":0,"k":{"i":[[-2.084,-2.116],[0,-3.157],[1.204,-1.627],[2.295,-0.716],[3.418,0],[0,0],[0,0],[0,0]],"o":[[1.855,1.986],[0,2.637],[-1.205,1.628],[-2.295,0.716],[0,0],[0,0],[0,0],[6.477,0]],"v":[[44.922,-57.52],[47.705,-49.805],[45.898,-43.408],[40.649,-39.893],[32.08,-38.818],[22.314,-38.818],[22.314,-60.693],[32.08,-60.693]],"c":true},"ix":2},"nm":"P","mn":"ADBE Vector Shape - Group","hd":false}],"nm":"P","np":5,"cix":2,"bm":0,"ix":1,"mn":"ADBE Vector Group","hd":false}]},"fFamily":"Arial Rounded MT Bold"},{"ch":"e","size":46,"style":"Regular","w":59.42,"data":{"shapes":[{"ty":"gr","it":[{"ind":0,"ty":"sh","ix":1,"ks":{"a":0,"k":{"i":[[-1.921,0.993],[0,3.353],[1.855,3.484],[3.727,2.197],[5.208,0],[3.288,-1.286],[2.246,-2.409],[1.172,-3.369],[0,-3.938],[-4.753,-4.883],[-8.562,0],[-2.881,0.977],[-1.904,1.482],[-0.945,1.611],[0,1.205],[0.846,0.749],[1.367,0],[0.684,-0.586],[1.041,-0.911],[1.237,-0.797],[1.318,-0.374],[1.595,0],[1.969,1.172],[1.188,2.312],[0.032,3.027],[0,0]],"o":[[1.92,-0.993],[0,-3.613],[-1.855,-3.483],[-3.728,-2.197],[-4.004,0],[-3.288,1.286],[-2.246,2.409],[-1.172,3.369],[0,8.366],[4.752,4.883],[3.743,0],[2.881,-0.977],[1.904,-1.481],[0.944,-1.611],[0,-1.367],[-0.847,-0.748],[-1.27,0],[-1.66,1.562],[-1.042,0.912],[-1.237,0.798],[-1.318,0.375],[-2.377,0],[-1.97,-1.172],[-1.189,-2.311],[0,0],[3.483,0]],"v":[[52.197,-24.097],[55.078,-30.615],[52.295,-41.26],[43.921,-49.78],[30.518,-53.076],[19.58,-51.147],[11.279,-45.605],[6.152,-36.938],[4.395,-25.977],[11.523,-6.104],[31.494,1.221],[41.431,-0.244],[48.608,-3.931],[52.881,-8.569],[54.297,-12.793],[53.027,-15.967],[49.707,-17.09],[46.777,-16.211],[42.725,-12.5],[39.307,-9.937],[35.474,-8.179],[31.104,-7.617],[24.585,-9.375],[19.849,-14.6],[18.018,-22.607],[44.092,-22.607]],"c":true},"ix":2},"nm":"e","mn":"ADBE Vector Shape - Group","hd":false},{"ind":1,"ty":"sh","ix":2,"ks":{"a":0,"k":{"i":[[-2.132,2.295],[-3.32,0],[-2.132,-2.262],[-0.326,-4.557],[0,0]],"o":[[2.132,-2.295],[3.483,0],[2.132,2.263],[0,0],[0.455,-4.492]],"v":[[21.899,-40.356],[30.078,-43.799],[38.501,-40.405],[42.188,-30.176],[18.018,-30.176]],"c":true},"ix":2},"nm":"e","mn":"ADBE Vector Shape - Group","hd":false}],"nm":"e","np":5,"cix":2,"bm":0,"ix":1,"mn":"ADBE Vector Group","hd":false}]},"fFamily":"Arial Rounded MT Bold"},{"ch":"p","size":46,"style":"Regular","w":62.5,"data":{"shapes":[{"ty":"gr","it":[{"ind":0,"ty":"sh","ix":1,"ks":{"a":0,"k":{"i":[[1.188,1.286],[1.888,0],[1.106,-1.253],[0,-2.539],[0,0],[-0.814,-1.514],[-2.507,0],[0,5.859],[0,0],[-2.588,-1.53],[-3.809,0],[-2.751,1.253],[-2.019,2.328],[-1.156,3.435],[0,4.102],[2.002,4.07],[3.45,2.116],[4.102,0],[2.702,-1.448],[2.506,-3.092],[0,0]],"o":[[-1.189,-1.286],[-1.921,0],[-1.107,1.254],[0,0],[0,2.897],[0.813,1.514],[4.264,0],[0,0],[2.344,2.962],[2.588,1.53],[3.157,0],[2.75,-1.253],[2.018,-2.327],[1.155,-3.434],[0,-5.566],[-2.002,-4.069],[-3.451,-2.116],[-3.418,0],[-2.702,1.449],[0,0],[0,-2.409]],"v":[[17.407,-51.05],[12.793,-52.979],[8.252,-51.099],[6.592,-45.41],[6.592,12.109],[7.812,18.726],[12.793,20.996],[19.189,12.207],[19.189,-7.812],[26.587,-1.074],[36.182,1.221],[45.044,-0.659],[52.197,-6.03],[56.958,-14.673],[58.691,-25.977],[55.688,-40.43],[47.51,-49.707],[36.182,-52.881],[27.002,-50.708],[19.189,-43.896],[19.189,-45.508]],"c":true},"ix":2},"nm":"p","mn":"ADBE Vector Shape - Group","hd":false},{"ind":1,"ty":"sh","ix":2,"ks":{"a":0,"k":{"i":[[1.139,-2.571],[1.888,-1.286],[2.213,0],[2.506,2.946],[0,5.306],[-2.523,2.898],[-3.679,0],[-1.904,-1.35],[-1.074,-2.522],[0,-3.516]],"o":[[-1.14,2.572],[-1.888,1.286],[-3.711,0],[-2.507,-2.946],[0,-5.631],[2.522,-2.897],[2.311,0],[1.904,1.351],[1.074,2.523],[0,3.646]],"v":[[43.604,-16.797],[39.062,-11.011],[32.91,-9.082],[23.584,-13.501],[19.824,-25.879],[23.608,-38.672],[32.91,-43.018],[39.233,-40.991],[43.701,-35.181],[45.312,-26.123]],"c":true},"ix":2},"nm":"p","mn":"ADBE Vector Shape - Group","hd":false}],"nm":"p","np":5,"cix":2,"bm":0,"ix":1,"mn":"ADBE Vector Group","hd":false}]},"fFamily":"Arial Rounded MT Bold"},{"ch":"l","size":46,"style":"Regular","w":27.1,"data":{"shapes":[{"ty":"gr","it":[{"ind":0,"ty":"sh","ix":1,"ks":{"a":0,"k":{"i":[[-1.221,-1.399],[-1.953,0],[-1.254,1.35],[0,2.702],[0,0],[1.237,1.351],[2.018,0],[1.188,-1.367],[0,-2.669],[0,0]],"o":[[1.221,1.399],[1.985,0],[1.253,-1.35],[0,0],[0,-2.702],[-1.237,-1.35],[-2.019,0],[-1.189,1.367],[0,0],[0,2.605]],"v":[[8.716,-0.879],[13.477,1.221],[18.335,-0.806],[20.215,-6.885],[20.215,-64.697],[18.359,-70.776],[13.477,-72.803],[8.667,-70.752],[6.885,-64.697],[6.885,-6.885]],"c":true},"ix":2},"nm":"l","mn":"ADBE Vector Shape - Group","hd":false}],"nm":"l","np":3,"cix":2,"bm":0,"ix":1,"mn":"ADBE Vector Group","hd":false}]},"fFamily":"Arial Rounded MT Bold"},{"ch":"I","size":46,"style":"Regular","w":31.3,"data":{"shapes":[{"ty":"gr","it":[{"ind":0,"ty":"sh","ix":1,"ks":{"a":0,"k":{"i":[[-1.351,-1.481],[-2.084,0],[-1.351,1.465],[0,2.962],[0,0],[1.35,1.449],[2.18,0],[1.334,-1.465],[0,-2.93],[0,0]],"o":[[1.35,1.481],[2.18,0],[1.35,-1.465],[0,0],[0,-2.962],[-1.351,-1.448],[-2.116,0],[-1.335,1.465],[0,0],[0,2.93]],"v":[[10.425,-1.001],[15.576,1.221],[20.874,-0.977],[22.9,-7.617],[22.9,-64.014],[20.874,-70.63],[15.576,-72.803],[10.4,-70.605],[8.398,-64.014],[8.398,-7.617]],"c":true},"ix":2},"nm":"I","mn":"ADBE Vector Shape - Group","hd":false}],"nm":"I","np":3,"cix":2,"bm":0,"ix":1,"mn":"ADBE Vector Group","hd":false}]},"fFamily":"Arial Rounded MT Bold"},{"ch":"’","size":46,"style":"Regular","w":31.3,"data":{"shapes":[{"ty":"gr","it":[{"ind":0,"ty":"sh","ix":1,"ks":{"a":0,"k":{"i":[[0.977,-1.204],[1.725,-1.009],[0,-1.465],[-0.635,-0.635],[-1.009,0],[-1.97,1.644],[-1.367,2.816],[0,3.223],[0.716,1.644],[1.302,0.863],[1.497,0],[1.481,-1.399],[0,-2.083],[-1.482,-1.481],[-1.823,0],[0,0]],"o":[[-0.977,1.205],[-1.335,0.684],[0,0.912],[0.635,0.635],[1.595,0],[1.969,-1.643],[1.367,-2.815],[0,-2.376],[-0.716,-1.643],[-1.302,-0.862],[-2.181,0],[-1.482,1.4],[0,2.019],[1.481,1.482],[0,0],[-0.13,1.921]],"v":[[14.258,-53.32],[10.205,-50],[8.203,-46.777],[9.155,-44.458],[11.621,-43.506],[16.968,-45.972],[21.973,-52.661],[24.023,-61.719],[22.949,-67.749],[19.922,-71.509],[15.723,-72.803],[10.229,-70.703],[8.008,-65.479],[10.229,-60.229],[15.186,-58.008],[15.918,-58.008]],"c":true},"ix":2},"nm":"’","mn":"ADBE Vector Shape - Group","hd":false}],"nm":"’","np":3,"cix":2,"bm":0,"ix":1,"mn":"ADBE Vector Group","hd":false}]},"fFamily":"Arial Rounded MT Bold"},{"ch":"v","size":46,"style":"Regular","w":54.2,"data":{"shapes":[{"ty":"gr","it":[{"ind":0,"ty":"sh","ix":1,"ks":{"a":0,"k":{"i":[[0.83,1.27],[2.213,0],[0.977,-0.569],[0.553,-0.895],[0,-0.911],[-0.212,-0.813],[-0.31,-0.781],[-0.293,-0.781],[0,0],[-0.537,-1.025],[-1.123,-0.862],[-1.888,0],[-1.025,0.553],[-0.7,0.993],[-0.57,1.4],[-0.359,0.912],[0,0],[-0.277,0.684],[-0.212,0.781],[0,0.586],[1.188,1.14],[1.692,0],[0.879,-1.057],[0.911,-2.539],[0,0],[0,0]],"o":[[-0.83,-1.27],[-1.14,0],[-0.977,0.57],[-0.554,0.896],[0,0.586],[0.211,0.814],[0.309,0.781],[0,0],[1.27,3.027],[0.537,1.025],[1.123,0.862],[1.465,0],[1.025,-0.553],[0.7,-0.993],[0.569,-1.399],[0,0],[0.358,-0.879],[0.276,-0.684],[0.211,-0.781],[0,-1.497],[-1.189,-1.139],[-1.791,0],[-0.879,1.058],[0,0],[0,0],[-1.009,-2.995]],"v":[[13.55,-51.074],[8.984,-52.979],[5.811,-52.124],[3.516,-49.927],[2.686,-47.217],[3.003,-45.117],[3.784,-42.725],[4.688,-40.381],[17.383,-8.984],[20.093,-2.905],[22.583,-0.073],[27.1,1.221],[30.835,0.391],[33.423,-1.929],[35.327,-5.518],[36.719,-8.984],[49.512,-40.723],[50.464,-43.066],[51.196,-45.264],[51.514,-47.314],[49.731,-51.27],[45.41,-52.979],[41.406,-51.392],[38.721,-45.996],[27.1,-14.404],[16.309,-44.678]],"c":true},"ix":2},"nm":"v","mn":"ADBE Vector Shape - Group","hd":false}],"nm":"v","np":3,"cix":2,"bm":0,"ix":1,"mn":"ADBE Vector Group","hd":false}]},"fFamily":"Arial Rounded MT Bold"},{"ch":"w","size":46,"style":"Regular","w":81.3,"data":{"shapes":[{"ty":"gr","it":[{"ind":0,"ty":"sh","ix":1,"ks":{"a":0,"k":{"i":[[0.781,1.254],[2.213,0],[1.139,-1.139],[0,-1.432],[-1.074,-2.995],[0,0],[-0.521,-1.448],[-0.684,-1.057],[-1.025,-0.569],[-1.465,0],[-1.14,1.839],[-0.977,3.613],[0,0],[0,0],[-0.554,-1.465],[-1.156,-1.009],[-2.019,0],[-1.123,0.944],[-0.521,1.205],[-0.945,2.702],[0,0],[0,1.367],[1.172,1.107],[1.595,0],[0.846,-0.732],[0.358,-0.96],[0.586,-2.148],[0,0],[0,0],[0.455,1.123],[1.123,0.961],[1.985,0],[1.123,-0.96],[0.407,-1.057],[0.846,-2.897],[0,0],[0,0]],"o":[[-0.781,-1.253],[-1.66,0],[-1.14,1.14],[0,1.14],[0,0],[0.293,0.847],[0.52,1.449],[0.684,1.058],[1.025,0.569],[2.864,0],[1.139,-1.839],[0,0],[0,0],[0.651,2.344],[0.553,1.465],[1.155,1.009],[1.953,0],[1.123,-0.944],[0.52,-1.204],[0,0],[1.009,-2.766],[0,-1.497],[-1.172,-1.106],[-1.595,0],[-0.847,0.732],[-0.359,0.961],[0,0],[0,0],[-0.814,-2.766],[-0.456,-1.123],[-1.123,-0.96],[-1.953,0],[-1.123,0.961],[-0.407,1.058],[0,0],[0,0],[-0.879,-3.027]],"v":[[12.695,-51.099],[8.203,-52.979],[4.004,-51.27],[2.295,-47.412],[3.906,-41.211],[14.697,-9.277],[15.918,-5.835],[17.725,-2.075],[20.288,0.366],[24.023,1.221],[30.029,-1.538],[33.203,-9.717],[40.576,-35.693],[48.193,-9.717],[50,-4.004],[52.563,-0.293],[57.324,1.221],[61.938,-0.195],[64.404,-3.418],[66.602,-9.277],[77.49,-41.211],[79.004,-47.412],[77.246,-51.318],[73.096,-52.979],[69.434,-51.88],[67.627,-49.341],[66.211,-44.678],[57.422,-14.893],[49.512,-42.578],[47.607,-48.413],[45.239,-51.538],[40.576,-52.979],[35.962,-51.538],[33.667,-48.511],[31.787,-42.578],[23.877,-14.893],[15.186,-44.678]],"c":true},"ix":2},"nm":"w","mn":"ADBE Vector Shape - Group","hd":false}],"nm":"w","np":3,"cix":2,"bm":0,"ix":1,"mn":"ADBE Vector Group","hd":false}]},"fFamily":"Arial Rounded MT Bold"},{"ch":"k","size":46,"style":"Regular","w":57.32,"data":{"shapes":[{"ty":"gr","it":[{"ind":0,"ty":"sh","ix":1,"ks":{"a":0,"k":{"i":[[-0.879,-0.879],[-1.628,0],[-1.156,1.221],[0,2.116],[0.439,0.83],[1.009,1.595],[0,0],[0,0],[0,1.953],[1.106,1.058],[1.66,0],[0.977,-0.716],[1.855,-1.953],[0,0],[0,0],[1.204,1.4],[2.051,0],[1.139,-1.546],[0,-2.962],[0,0],[-1.172,-1.367],[-2.051,0],[-1.351,1.383],[0,2.572],[0,0],[0,0],[0,0]],"o":[[0.879,0.879],[1.888,0],[1.155,-1.221],[0,-0.748],[-0.439,-0.83],[0,0],[0,0],[3.613,-3.255],[0,-1.595],[-1.107,-1.057],[-1.4,0],[-0.977,0.716],[0,0],[0,0],[0,-2.734],[-1.205,-1.399],[-2.116,0],[-1.14,1.546],[0,0],[0,2.67],[1.172,1.367],[1.758,0],[1.35,-1.383],[0,0],[0,0],[0,0],[1.497,2.312]],"v":[[43.652,-0.098],[47.412,1.221],[51.978,-0.61],[53.711,-5.615],[53.052,-7.983],[50.879,-11.621],[37.207,-33.105],[44.287,-39.6],[49.707,-47.412],[48.047,-51.392],[43.896,-52.979],[40.332,-51.904],[36.084,-47.9],[21.094,-32.178],[21.094,-64.502],[19.287,-70.703],[14.404,-72.803],[9.521,-70.483],[7.812,-63.721],[7.812,-6.885],[9.57,-0.83],[14.404,1.221],[19.067,-0.854],[21.094,-6.787],[21.094,-17.383],[28.32,-24.219],[40.088,-4.883]],"c":true},"ix":2},"nm":"k","mn":"ADBE Vector Shape - Group","hd":false}],"nm":"k","np":3,"cix":2,"bm":0,"ix":1,"mn":"ADBE Vector Group","hd":false}]},"fFamily":"Arial Rounded MT Bold"},{"ch":"d","size":46,"style":"Regular","w":62.5,"data":{"shapes":[{"ty":"gr","it":[{"ind":0,"ty":"sh","ix":1,"ks":{"a":0,"k":{"i":[[-1.189,-1.318],[-1.823,0],[-1.172,1.27],[0,2.539],[0,0],[1.09,1.286],[2.018,0],[1.09,-1.399],[0,-2.734],[0,0],[2.637,1.318],[3.841,0],[4.069,-4.655],[0,-8.333],[-1.025,-3.385],[-1.986,-2.506],[-2.718,-1.35],[-3.191,0],[-2.035,0.667],[-1.742,1.286],[-1.791,2.051],[0,0]],"o":[[1.188,1.318],[1.855,0],[1.172,-1.27],[0,0],[0,-2.506],[-1.091,-1.286],[-2.019,0],[-1.091,1.4],[0,0],[-2.507,-2.734],[-2.637,-1.318],[-6.641,0],[-4.07,4.655],[0,3.939],[1.025,3.386],[1.985,2.507],[2.718,1.35],[2.409,0],[2.034,-0.667],[1.741,-1.286],[0,0],[0,2.441]],"v":[[45.19,-0.757],[49.707,1.221],[54.248,-0.684],[56.006,-6.396],[56.006,-65.186],[54.37,-70.874],[49.707,-72.803],[45.044,-70.703],[43.408,-64.502],[43.408,-44.824],[35.693,-50.903],[25.977,-52.881],[9.912,-45.898],[3.809,-26.416],[5.347,-15.43],[9.863,-6.592],[16.919,-0.806],[25.781,1.221],[32.446,0.22],[38.11,-2.71],[43.408,-7.715],[43.408,-6.396]],"c":true},"ix":2},"nm":"d","mn":"ADBE Vector Shape - Group","hd":false},{"ind":1,"ty":"sh","ix":2,"ks":{"a":0,"k":{"i":[[-1.058,2.588],[-1.921,1.384],[-2.441,0],[-1.97,-1.35],[-1.156,-2.555],[0,-3.548],[1.155,-2.522],[1.936,-1.221],[2.344,0],[1.953,1.286],[1.123,2.539],[0,3.613]],"o":[[1.057,-2.588],[1.92,-1.383],[2.344,0],[1.969,1.351],[1.155,2.556],[0,3.777],[-1.156,2.523],[-1.937,1.221],[-2.312,0],[-1.953,-1.286],[-1.123,-2.539],[0,-3.418]],"v":[[18.774,-34.985],[23.242,-40.942],[29.785,-43.018],[36.255,-40.991],[40.942,-35.132],[42.676,-25.977],[40.942,-16.528],[36.304,-10.913],[29.883,-9.082],[23.486,-11.011],[18.872,-16.748],[17.188,-25.977]],"c":true},"ix":2},"nm":"d","mn":"ADBE Vector Shape - Group","hd":false}],"nm":"d","np":5,"cix":2,"bm":0,"ix":1,"mn":"ADBE Vector Group","hd":false}]},"fFamily":"Arial Rounded MT Bold"},{"ch":"i","size":46,"style":"Regular","w":27.1,"data":{"shapes":[{"ty":"gr","it":[{"ind":0,"ty":"sh","ix":1,"ks":{"a":0,"k":{"i":[[1.27,1.335],[1.953,0],[1.221,-1.334],[0,-2.637],[0,0],[-1.221,-1.399],[-1.953,0],[-1.27,1.367],[0,2.67],[0,0]],"o":[[-1.27,-1.334],[-1.953,0],[-1.221,1.335],[0,0],[0,2.605],[1.221,1.399],[1.953,0],[1.27,-1.367],[0,0],[0,-2.376]],"v":[[18.311,-50.977],[13.477,-52.979],[8.716,-50.977],[6.885,-45.02],[6.885,-6.885],[8.716,-0.879],[13.477,1.221],[18.311,-0.83],[20.215,-6.885],[20.215,-45.41]],"c":true},"ix":2},"nm":"i","mn":"ADBE Vector Shape - Group","hd":false},{"ind":1,"ty":"sh","ix":2,"ks":{"a":0,"k":{"i":[[-1.302,1.156],[0,2.051],[1.334,1.107],[1.725,0],[1.35,-1.221],[0,-1.888],[-1.318,-1.139],[-1.855,0]],"o":[[1.302,-1.155],[0,-2.116],[-1.335,-1.106],[-1.791,0],[-1.351,1.221],[0,2.084],[1.318,1.14],[1.79,0]],"v":[[18.262,-60.913],[20.215,-65.723],[18.213,-70.557],[13.623,-72.217],[8.911,-70.386],[6.885,-65.723],[8.862,-60.889],[13.623,-59.18]],"c":true},"ix":2},"nm":"i","mn":"ADBE Vector Shape - Group","hd":false}],"nm":"i","np":5,"cix":2,"bm":0,"ix":1,"mn":"ADBE Vector Group","hd":false}]},"fFamily":"Arial Rounded MT Bold"},{"ch":"t","size":46,"style":"Regular","w":35.4,"data":{"shapes":[{"ty":"gr","it":[{"ind":0,"ty":"sh","ix":1,"ks":{"a":0,"k":{"i":[[1.057,-0.895],[0,-1.399],[-1.009,-0.911],[-1.921,0],[0,0],[0,0],[-0.668,-2.473],[-2.148,-1.399],[-4.167,0],[-2.344,1.139],[0,2.148],[0.862,0.863],[1.074,0],[1.334,-0.276],[0.781,0],[0.635,0.7],[0.146,1.123],[0,2.084],[0,0],[0,0],[-1.416,0.716],[0,1.791],[0.993,0.896],[1.888,0],[0,0],[0,0],[0.244,1.221],[0.911,0.847],[1.692,0],[0.977,-0.569],[0.52,-0.911],[0.114,-1.221],[0,-2.148],[0,0],[0,0]],"o":[[-1.058,0.896],[0,1.4],[1.009,0.912],[0,0],[0,0],[0,4.134],[0.667,2.474],[2.148,1.399],[4.395,0],[2.344,-1.139],[0,-1.27],[-0.863,-0.862],[-0.749,0],[-1.335,0.277],[-1.433,0],[-0.635,-0.7],[-0.146,-1.123],[0,0],[0,0],[2.637,0],[1.416,-0.716],[0,-1.399],[-0.993,-0.895],[0,0],[0,0],[0,-2.246],[-0.244,-1.221],[-1.367,-1.27],[-1.205,0],[-0.977,0.57],[-0.521,0.879],[-0.114,1.221],[0,0],[0,0],[-2.019,0]],"v":[[3.003,-50.464],[1.416,-47.021],[2.93,-43.555],[7.324,-42.188],[9.082,-42.188],[9.082,-16.602],[10.083,-6.689],[14.307,-0.879],[23.779,1.221],[33.887,-0.488],[37.402,-5.42],[36.108,-8.618],[33.203,-9.912],[30.078,-9.497],[26.904,-9.082],[23.804,-10.132],[22.632,-12.866],[22.412,-17.676],[22.412,-42.188],[24.902,-42.188],[30.981,-43.262],[33.105,-47.021],[31.616,-50.464],[27.295,-51.807],[22.412,-51.807],[22.412,-60.889],[22.046,-66.089],[20.312,-69.189],[15.723,-71.094],[12.451,-70.239],[10.205,-68.018],[9.253,-64.868],[9.082,-59.814],[9.082,-51.807],[7.617,-51.807]],"c":true},"ix":2},"nm":"t","mn":"ADBE Vector Shape - Group","hd":false}],"nm":"t","np":3,"cix":2,"bm":0,"ix":1,"mn":"ADBE Vector Group","hd":false}]},"fFamily":"Arial Rounded MT Bold"},{"ch":"h","size":46,"style":"Regular","w":60.4,"data":{"shapes":[{"ty":"gr","it":[{"ind":0,"ty":"sh","ix":1,"ks":{"a":0,"k":{"i":[[1.188,1.367],[2.116,0],[1.155,-1.35],[0,-2.702],[0,0],[-4.395,0],[-1.189,1.383],[0,2.637],[0,0],[-0.716,1.986],[-1.904,1.351],[-2.377,0],[-1.27,-2.295],[0,-4.264],[0,0],[-4.395,0],[-1.221,1.367],[0,2.67],[0,0],[0.325,1.97],[0.944,1.595],[2.62,1.433],[3.385,0],[1.953,-0.569],[1.611,-1.139],[1.692,-1.953],[0,0]],"o":[[-1.189,-1.367],[-2.084,0],[-1.156,1.351],[0,0],[0,5.404],[2.116,0],[1.188,-1.383],[0,0],[0,-5.078],[0.944,-2.344],[1.904,-1.35],[3.548,0],[1.27,2.295],[0,0],[0,5.404],[2.018,0],[1.221,-1.367],[0,0],[0,-2.571],[-0.326,-1.969],[-1.498,-2.734],[-2.621,-1.432],[-2.246,0],[-1.953,0.57],[-1.611,1.14],[0,0],[0,-2.669]],"v":[[18.14,-70.752],[13.184,-72.803],[8.325,-70.776],[6.592,-64.697],[6.592,-6.885],[13.184,1.221],[18.14,-0.854],[19.922,-6.885],[19.922,-24.512],[20.996,-35.107],[25.269,-40.649],[31.689,-42.676],[38.916,-39.233],[40.82,-29.395],[40.82,-6.885],[47.412,1.221],[52.271,-0.83],[54.102,-6.885],[54.102,-32.422],[53.613,-39.233],[51.709,-44.58],[45.532,-50.83],[36.523,-52.979],[30.225,-52.124],[24.878,-49.561],[19.922,-44.922],[19.922,-64.697]],"c":true},"ix":2},"nm":"h","mn":"ADBE Vector Shape - Group","hd":false}],"nm":"h","np":3,"cix":2,"bm":0,"ix":1,"mn":"ADBE Vector Group","hd":false}]},"fFamily":"Arial Rounded MT Bold"},{"ch":"C","size":46,"style":"Regular","w":74.02,"data":{"shapes":[{"ty":"gr","it":[{"ind":0,"ty":"sh","ix":1,"ks":{"a":0,"k":{"i":[[1.237,1.205],[1.725,0],[0.911,-1.188],[0.618,-1.888],[2.881,-2.067],[4.166,0],[2.864,1.823],[1.562,3.695],[0,5.566],[-3.532,4.525],[-5.957,0],[-2.556,-1.758],[-1.888,-3.548],[-0.928,-0.879],[-1.855,0],[-1.172,1.27],[0,1.66],[2.409,3.402],[4.524,2.312],[5.794,0],[4.199,-1.692],[3.125,-3.239],[1.676,-4.557],[0,-5.762],[-0.668,-3.157],[-1.335,-2.783],[-1.888,-2.246],[-2.523,-1.514],[-3.093,-0.716],[-3.777,0],[-3.744,1.595],[-2.409,2.556],[-1.123,2.654],[0,2.279]],"o":[[-1.237,-1.204],[-2.019,0],[-0.912,1.189],[-1.465,4.004],[-2.881,2.068],[-3.841,0],[-2.865,-1.823],[-1.562,-3.694],[0,-8.333],[3.532,-4.524],[3.743,0],[2.555,1.758],[1.139,2.148],[0.928,0.879],[1.66,0],[1.172,-1.27],[0,-3.027],[-2.409,-3.401],[-4.525,-2.311],[-4.753,0],[-4.199,1.693],[-3.125,3.239],[-1.677,4.558],[0,3.548],[0.667,3.158],[1.334,2.783],[2.116,2.474],[2.522,1.514],[3.092,0.716],[4.98,0],[3.743,-1.595],[2.409,-2.555],[1.123,-2.653],[0,-1.79]],"v":[[66.943,-27.1],[62.5,-28.906],[58.105,-27.124],[55.811,-22.51],[49.292,-13.403],[38.721,-10.303],[28.662,-13.037],[22.021,-21.313],[19.678,-35.205],[24.976,-54.492],[39.209,-61.279],[48.657,-58.643],[55.322,-50.684],[58.423,-46.143],[62.598,-44.824],[66.846,-46.729],[68.604,-51.123],[64.99,-60.767],[54.59,-69.336],[39.111,-72.803],[25.684,-70.264],[14.697,-62.866],[7.495,-51.172],[4.98,-35.693],[5.981,-25.635],[8.984,-16.724],[13.818,-9.18],[20.776,-3.198],[29.199,0.146],[39.502,1.221],[52.588,-1.172],[61.816,-7.397],[67.114,-15.21],[68.799,-22.607]],"c":true},"ix":2},"nm":"C","mn":"ADBE Vector Shape - Group","hd":false}],"nm":"C","np":3,"cix":2,"bm":0,"ix":1,"mn":"ADBE Vector Group","hd":false}]},"fFamily":"Arial Rounded MT Bold"},{"ch":"c","size":46,"style":"Regular","w":59.42,"data":{"shapes":[{"ty":"gr","it":[{"ind":0,"ty":"sh","ix":1,"ks":{"a":0,"k":{"i":[[1.074,1.237],[1.627,0],[0.944,-0.846],[0.813,-1.497],[1.904,-1.237],[2.669,0],[1.66,0.765],[1.172,1.482],[0.618,2.1],[0,2.507],[-2.409,3.076],[-3.939,0],[-1.775,-1.237],[-1.628,-2.473],[-0.732,-0.569],[-1.107,0],[-1.189,1.107],[0,1.595],[1.057,1.807],[2.002,1.595],[2.881,1.009],[3.45,0],[4.004,-2.295],[2.116,-4.199],[0,-5.469],[-4.623,-4.801],[-8.236,0],[-3.093,1.041],[-2.035,1.709],[-0.993,1.888],[0,1.66]],"o":[[-1.074,-1.237],[-1.367,0],[-0.945,0.847],[-1.465,2.539],[-1.904,1.237],[-1.986,0],[-1.66,-0.764],[-1.172,-1.481],[-0.619,-2.1],[0,-5.338],[2.409,-3.076],[2.734,0],[1.774,1.237],[0.911,1.27],[0.732,0.57],[1.692,0],[1.188,-1.106],[0,-1.562],[-1.058,-1.807],[-2.002,-1.595],[-2.881,-1.009],[-5.566,0],[-4.004,2.295],[-2.116,4.199],[0,8.073],[4.622,4.802],[3.873,0],[3.092,-1.041],[2.034,-1.709],[0.993,-1.888],[0,-1.399]],"v":[[53.076,-19.238],[49.023,-21.094],[45.557,-19.824],[42.92,-16.309],[37.866,-10.645],[31.006,-8.789],[25.537,-9.937],[21.289,-13.306],[18.604,-18.677],[17.676,-25.586],[21.289,-38.208],[30.811,-42.822],[37.573,-40.967],[42.676,-35.4],[45.142,-32.642],[47.9,-31.787],[52.222,-33.447],[54.004,-37.5],[52.417,-42.554],[47.827,-47.656],[40.503,-51.562],[31.006,-53.076],[16.65,-49.634],[7.471,-39.893],[4.297,-25.391],[11.23,-6.079],[30.518,1.123],[40.967,-0.439],[48.657,-4.565],[53.198,-9.961],[54.688,-15.283]],"c":true},"ix":2},"nm":"c","mn":"ADBE Vector Shape - Group","hd":false}],"nm":"c","np":3,"cix":2,"bm":0,"ix":1,"mn":"ADBE Vector Group","hd":false}]},"fFamily":"Arial Rounded MT Bold"},{"ch":"u","size":46,"style":"Regular","w":60.4,"data":{"shapes":[{"ty":"gr","it":[{"ind":0,"ty":"sh","ix":1,"ks":{"a":0,"k":{"i":[[-1.189,-1.318],[-1.823,0],[-1.156,1.27],[0,2.539],[0,0],[1.204,1.318],[1.985,0],[1.237,-1.334],[0,-2.637],[0,0],[0.748,-1.888],[1.985,-1.334],[2.246,0],[1.35,1.189],[0.52,2.1],[0,3.093],[0,0],[1.237,1.335],[2.018,0],[1.204,-1.318],[0,-2.669],[0,0],[-1.66,-2.832],[-2.556,-1.334],[-3.223,0],[-2.084,0.667],[-1.758,1.367],[-1.595,2.019],[0,0]],"o":[[1.188,1.318],[1.823,0],[1.155,-1.27],[0,0],[0,-2.669],[-1.205,-1.318],[-1.986,0],[-1.237,1.335],[0,0],[0,6.38],[-0.912,2.148],[-1.986,1.335],[-2.312,0],[-1.351,-1.188],[-0.521,-2.1],[0,0],[0,-2.637],[-1.237,-1.334],[-1.986,0],[-1.205,1.318],[0,0],[0,5.306],[1.399,2.344],[2.555,1.334],[2.669,0],[2.083,-0.667],[1.758,-1.367],[0,0],[0,2.377]],"v":[[43.286,-0.757],[47.803,1.221],[52.271,-0.684],[54.004,-6.396],[54.004,-45.02],[52.197,-51.001],[47.412,-52.979],[42.578,-50.977],[40.723,-45.02],[40.723,-28.809],[39.6,-16.406],[35.254,-11.182],[28.906,-9.18],[23.413,-10.962],[20.605,-15.894],[19.824,-23.682],[19.824,-45.02],[17.969,-50.977],[13.086,-52.979],[8.301,-51.001],[6.494,-45.02],[6.494,-18.604],[8.984,-6.396],[14.917,-0.879],[23.584,1.123],[30.713,0.122],[36.475,-2.93],[41.504,-8.008],[41.504,-6.299]],"c":true},"ix":2},"nm":"u","mn":"ADBE Vector Shape - Group","hd":false}],"nm":"u","np":3,"cix":2,"bm":0,"ix":1,"mn":"ADBE Vector Group","hd":false}]},"fFamily":"Arial Rounded MT Bold"},{"ch":"F","size":46,"style":"Regular","w":60.4,"data":{"shapes":[{"ty":"gr","it":[{"ind":0,"ty":"sh","ix":1,"ks":{"a":0,"k":{"i":[[-1.123,1.025],[0,1.693],[1.123,1.025],[2.311,0],[0,0],[1.318,-0.602],[0.618,-1.318],[0,-2.083],[0,0],[-1.351,-1.465],[-2.148,0],[-1.351,1.448],[0,2.995],[0,0],[0,0],[-1.107,0.977],[0,1.66],[1.09,0.993],[2.213,0],[0,0],[0,0],[0,0]],"o":[[1.123,-1.025],[0,-1.66],[-1.123,-1.025],[0,0],[-2.051,0],[-1.318,0.603],[-0.619,1.318],[0,0],[0,2.962],[1.35,1.465],[2.116,0],[1.35,-1.448],[0,0],[0,0],[2.18,0],[1.106,-0.977],[0,-1.66],[-1.091,-0.993],[0,0],[0,0],[0,0],[2.311,0]],"v":[[55.737,-61.938],[57.422,-66.016],[55.737,-70.044],[50.586,-71.582],[16.406,-71.582],[11.353,-70.679],[8.447,-67.798],[7.52,-62.695],[7.52,-7.617],[9.546,-0.977],[14.795,1.221],[19.995,-0.952],[22.021,-7.617],[22.021,-31.201],[45.898,-31.201],[50.83,-32.666],[52.49,-36.621],[50.854,-40.601],[45.898,-42.09],[22.021,-42.09],[22.021,-60.4],[50.586,-60.4]],"c":true},"ix":2},"nm":"F","mn":"ADBE Vector Shape - Group","hd":false}],"nm":"F","np":3,"cix":2,"bm":0,"ix":1,"mn":"ADBE Vector Group","hd":false}]},"fFamily":"Arial Rounded MT Bold"},{"ch":"b","size":46,"style":"Regular","w":61.18,"data":{"shapes":[{"ty":"gr","it":[{"ind":0,"ty":"sh","ix":1,"ks":{"a":0,"k":{"i":[[1.106,1.318],[2.051,0],[1.09,-1.383],[0,-2.702],[0,0],[-1.123,-1.286],[-1.888,0],[-1.205,1.286],[0,2.507],[0,0],[-0.896,-0.846],[-1.27,-0.797],[-1.807,-0.488],[-2.051,0],[-2.783,1.35],[-1.953,2.474],[-1.025,3.369],[0,4.037],[1.839,3.988],[3.336,2.1],[4.427,0],[2.604,-1.383],[2.506,-2.604],[0,0]],"o":[[-1.107,-1.318],[-1.953,0],[-1.091,1.384],[0,0],[0,2.507],[1.123,1.286],[1.855,0],[1.204,-1.286],[0,0],[1.465,1.693],[0.895,0.847],[1.27,0.798],[1.807,0.488],[3.352,0],[2.783,-1.35],[1.953,-2.473],[1.025,-3.369],[0,-5.469],[-1.839,-3.987],[-3.337,-2.1],[-3.841,0],[-2.605,1.384],[0,0],[0,-2.441]],"v":[[17.529,-70.825],[12.793,-72.803],[8.228,-70.728],[6.592,-64.6],[6.592,-6.396],[8.276,-0.708],[12.793,1.221],[17.383,-0.708],[19.189,-6.396],[19.189,-7.715],[22.729,-3.906],[25.977,-1.44],[30.591,0.488],[36.377,1.221],[45.581,-0.806],[52.686,-6.543],[57.153,-15.308],[58.691,-26.416],[55.933,-40.601],[48.169,-49.731],[36.523,-52.881],[26.855,-50.806],[19.189,-44.824],[19.189,-65.186]],"c":true},"ix":2},"nm":"b","mn":"ADBE Vector Shape - Group","hd":false},{"ind":1,"ty":"sh","ix":2,"ks":{"a":0,"k":{"i":[[-1.14,2.621],[-1.986,1.384],[-2.539,0],[-1.855,-1.383],[-1.009,-2.539],[0,-3.516],[2.425,-2.913],[3.352,0],[2.425,2.849],[0,5.306]],"o":[[1.139,-2.62],[1.985,-1.383],[2.473,0],[1.855,1.384],[1.009,2.539],[0,5.437],[-2.425,2.914],[-3.939,0],[-2.425,-2.848],[0,-3.613]],"v":[[21.533,-34.937],[26.221,-40.942],[33.008,-43.018],[39.502,-40.942],[43.799,-35.059],[45.312,-25.977],[41.675,-13.452],[33.008,-9.082],[23.462,-13.354],[19.824,-25.586]],"c":true},"ix":2},"nm":"b","mn":"ADBE Vector Shape - Group","hd":false}],"nm":"b","np":5,"cix":2,"bm":0,"ix":1,"mn":"ADBE Vector Group","hd":false}]},"fFamily":"Arial Rounded MT Bold"},{"ch":"a","size":46,"style":"Regular","w":59.42,"data":{"shapes":[{"ty":"gr","it":[{"ind":0,"ty":"sh","ix":1,"ks":{"a":0,"k":{"i":[[-1.335,-1.286],[-1.367,0],[-1.286,1.123],[0,1.367],[0.83,2.718],[0,2.507],[-0.017,2.181],[0,3.125],[1.383,2.995],[3.352,1.384],[5.859,0],[3.516,-1.432],[1.66,-2.213],[0,-2.344],[-1.091,-0.96],[-1.498,0],[-0.505,0.603],[-1.221,1.888],[-1.709,0.945],[-3.386,0],[-1.254,-1.643],[-0.163,-3.516],[2.393,-0.569],[3.352,-0.684],[0.846,-0.195],[2.311,-2.571],[0,-3.645],[-1.4,-2.311],[-2.588,-1.35],[-3.418,0],[-3.011,1.253],[-3.223,2.507]],"o":[[1.334,1.286],[1.627,0],[1.286,-1.123],[0,-0.781],[-0.83,-2.718],[0.032,-2.669],[0.016,-2.18],[0,-4.948],[-1.384,-2.995],[-3.353,-1.383],[-5.241,0],[-3.516,1.433],[-1.66,2.214],[0,1.498],[1.09,0.961],[1.66,0],[0.504,-0.602],[1.221,-1.888],[1.709,-0.944],[3.938,0],[1.253,1.644],[-2.8,0.814],[-2.393,0.57],[-3.353,0.684],[-4.037,0.879],[-2.312,2.572],[0,2.702],[1.399,2.312],[2.588,1.35],[3.743,0],[3.011,-1.253],[1.497,2.441]],"v":[[44.824,-0.708],[48.877,1.221],[53.247,-0.464],[55.176,-4.199],[53.931,-9.448],[52.686,-17.285],[52.759,-24.561],[52.783,-32.52],[50.708,-44.434],[43.604,-51.001],[29.785,-53.076],[16.65,-50.928],[8.887,-45.459],[6.396,-38.623],[8.032,-34.937],[11.914,-33.496],[15.161,-34.399],[17.749,-38.135],[22.144,-42.383],[29.785,-43.799],[37.573,-41.333],[39.697,-33.594],[31.909,-31.519],[23.291,-29.639],[16.992,-28.32],[7.471,-23.145],[4.004,-13.818],[6.104,-6.299],[12.085,-0.806],[21.094,1.221],[31.226,-0.659],[40.576,-6.299]],"c":true},"ix":2},"nm":"a","mn":"ADBE Vector Shape - Group","hd":false},{"ind":1,"ty":"sh","ix":2,"ks":{"a":0,"k":{"i":[[0,0],[1.204,-2.018],[2.229,-1.155],[2.637,0],[1.53,1.416],[0,2.019],[-1.302,1.091],[-1.433,0.375],[-3.728,0.798],[-1.953,0.716]],"o":[[0,4.623],[-1.042,1.823],[-2.23,1.156],[-2.474,0],[-1.53,-1.416],[0,-1.953],[1.302,-1.09],[1.432,-0.374],[3.727,-0.797],[0,0]],"v":[[39.697,-23.682],[37.891,-13.721],[32.983,-9.253],[25.684,-7.52],[19.678,-9.644],[17.383,-14.795],[19.336,-19.36],[23.438,-21.558],[31.177,-23.315],[39.697,-25.586]],"c":true},"ix":2},"nm":"a","mn":"ADBE Vector Shape - Group","hd":false}],"nm":"a","np":5,"cix":2,"bm":0,"ix":1,"mn":"ADBE Vector Group","hd":false}]},"fFamily":"Arial Rounded MT Bold"}]}