{"v":"5.12.1","fr":25,"ip":0,"op":76,"w":220,"h":110,"nm":"Comp 1","ddd":0,"assets":[],"fonts":{"list":[{"fName":"ArialRoundedMTBold","fFamily":"Arial Rounded MT Bold","fStyle":"Regular","ascent":74.0203857421875}]},"layers":[{"ddd":0,"ind":1,"ty":4,"nm":"Shape Layer 2","td":1,"sr":1,"ks":{"o":{"a":0,"k":100,"ix":11},"r":{"a":0,"k":0,"ix":10},"p":{"a":1,"k":[{"i":{"x":0.833,"y":0.833},"o":{"x":0.167,"y":0.167},"t":0,"s":[-148,85,0],"to":[0,0,0],"ti":[0,0,0]},{"t":62,"s":[280,85,0]}],"ix":2,"l":2},"a":{"a":0,"k":[0,0,0],"ix":1,"l":2},"s":{"a":0,"k":[48.7,100,100],"ix":6,"l":2}},"ao":0,"shapes":[{"ty":"gr","it":[{"ty":"rc","d":1,"s":{"a":0,"k":[1986,74],"ix":2},"p":{"a":0,"k":[0,0],"ix":3},"r":{"a":0,"k":0,"ix":4},"nm":"Rectangle Path 1","mn":"ADBE Vector Shape - Rect","hd":false},{"ty":"gf","o":{"a":0,"k":100,"ix":10},"r":1,"bm":0,"g":{"p":2,"k":{"a":0,"k":[0,1,1,1,1,0,0,0],"ix":9}},"s":{"a":0,"k":[0,0],"ix":5},"e":{"a":0,"k":[100,0],"ix":6},"t":1,"nm":"Gradient Fill 1","mn":"ADBE Vector Graphic - G-Fill","hd":false},{"ty":"tr","p":{"a":0,"k":[-12.5,-31],"ix":2},"a":{"a":0,"k":[0,0],"ix":1},"s":{"a":0,"k":[100,100],"ix":3},"r":{"a":0,"k":0,"ix":6},"o":{"a":0,"k":100,"ix":7},"sk":{"a":0,"k":0,"ix":4},"sa":{"a":0,"k":0,"ix":5},"nm":"Transform"}],"nm":"Rectangle 1","np":3,"cix":2,"bm":0,"ix":1,"mn":"ADBE Vector Group","hd":false}],"ip":0,"op":150,"st":0,"ct":1,"bm":0},{"ddd":0,"ind":2,"ty":5,"nm":"My Skills","tt":3,"tp":1,"sr":1,"ks":{"o":{"a":0,"k":100,"ix":11},"r":{"a":0,"k":0,"ix":10},"p":{"a":0,"k":[102.546,54,0],"ix":2,"l":2},"a":{"a":0,"k":[-0.797,-16.464,0],"ix":1,"l":2},"s":{"a":0,"k":[100,100,100],"ix":6,"l":2}},"ao":0,"t":{"d":{"k":[{"s":{"s":46,"f":"ArialRoundedMTBold","t":"My Skills","ca":0,"j":2,"tr":0,"lh":55.2000007629395,"ls":0,"fc":[0.922,0.922,0.922]},"t":0}]},"p":{},"m":{"g":1,"a":{"a":0,"k":[0,0],"ix":2}},"a":[]},"ip":0,"op":153,"st":0,"ct":1,"bm":0},{"ddd":0,"ind":3,"ty":4,"nm":"Shape Layer 1","sr":1,"ks":{"o":{"a":0,"k":100,"ix":11},"r":{"a":0,"k":0,"ix":10},"p":{"a":0,"k":[467.5,54,0],"ix":2,"l":2},"a":{"a":0,"k":[436,3,0],"ix":1,"l":2},"s":{"a":0,"k":[123.3,70.7,100],"ix":6,"l":2}},"ao":0,"hasMask":true,"masksProperties":[{"inv":false,"mode":"a","pt":{"a":1,"k":[{"i":{"x":0.833,"y":0.833},"o":{"x":0.167,"y":0.167},"t":23.559,"s":[{"i":[[0,0],[0,0],[0,0],[0,0]],"o":[[0,0],[0,0],[0,0],[0,0]],"v":[[110.554,-53.501],[103.069,-53.501],[103.069,55.999],[110.554,55.999]],"c":true}]},{"t":50.8396602983192,"s":[{"i":[[0,0],[0,0],[0,0],[0,0]],"o":[[0,0],[0,0],[0,0],[0,0]],"v":[[286.548,-52.837],[103.069,-53.501],[103.069,55.999],[286.548,56.663]],"c":true}]}],"ix":1},"o":{"a":0,"k":100,"ix":3},"x":{"a":0,"k":0,"ix":4},"nm":"Mask 1"}],"shapes":[{"ty":"gr","it":[{"ty":"rc","d":1,"s":{"a":0,"k":[104,78],"ix":2},"p":{"a":0,"k":[-27,0],"ix":3},"r":{"a":0,"k":0,"ix":4},"nm":"Rectangle Path 1","mn":"ADBE Vector Shape - Rect","hd":false},{"ty":"gf","o":{"a":0,"k":100,"ix":10},"r":1,"bm":0,"g":{"p":3,"k":{"a":0,"k":[0,0.553,0.38,0.114,0.5,0.635,0.486,0.257,1,0.718,0.592,0.4],"ix":9}},"s":{"a":0,"k":[0,0],"ix":5},"e":{"a":0,"k":[266,0],"ix":6},"t":1,"nm":"Gradient Fill 1","mn":"ADBE Vector Graphic - G-Fill","hd":false},{"ty":"tr","p":{"a":0,"k":[197.557,3],"ix":2},"a":{"a":0,"k":[0,0],"ix":1},"s":{"a":0,"k":[100,100],"ix":3},"r":{"a":0,"k":0,"ix":6},"o":{"a":0,"k":100,"ix":7},"sk":{"a":0,"k":0,"ix":4},"sa":{"a":0,"k":0,"ix":5},"nm":"Transform"}],"nm":"Rectangle 1","np":3,"cix":2,"bm":0,"ix":1,"mn":"ADBE Vector Group","hd":false}],"ip":0,"op":153,"st":-14.1808475141808,"ct":1,"bm":0}],"markers":[],"props":{},"chars":[{"ch":"M","size":46,"style":"Regular","w":83.3,"data":{"shapes":[{"ty":"gr","it":[{"ind":0,"ty":"sh","ix":1,"ks":{"a":0,"k":{"i":[[-0.375,-1.383],[-0.652,-1.139],[-1.172,-0.732],[-1.693,0],[-1.27,1.139],[-0.472,1.384],[-0.749,2.962],[0,0],[0,0],[-1.237,-1.367],[-1.921,0],[-1.221,1.367],[0,2.734],[0,0],[1.627,1.091],[2.766,0],[0,0],[1.221,-0.488],[0.586,-1.27],[0.748,-2.864],[0,0],[0,0],[0.586,1.27],[1.221,0.488],[2.702,0],[0,0],[1.627,-1.09],[0,-3.125],[0,0],[-1.237,-1.35],[-1.953,0],[-1.221,1.367],[0,2.734],[0,0],[0,0]],"o":[[0.374,1.384],[0.651,1.14],[1.172,0.732],[2.246,0],[1.27,-1.139],[0.471,-1.383],[0,0],[0,0],[0,2.734],[1.237,1.367],[2.051,0],[1.221,-1.367],[0,0],[0,-3.125],[-1.628,-1.09],[0,0],[-2.702,0],[-1.221,0.488],[-0.586,1.27],[0,0],[0,0],[-0.749,-2.864],[-0.586,-1.27],[-1.221,-0.488],[0,0],[-2.767,0],[-1.628,1.091],[0,0],[0,2.767],[1.237,1.35],[2.018,0],[1.221,-1.367],[0,0],[0,0],[0.391,1.498]],"v":[[33.13,-6.47],[34.668,-2.686],[37.402,0.122],[41.699,1.221],[46.973,-0.488],[49.585,-4.272],[51.416,-10.791],[62.891,-56.396],[62.891,-6.982],[64.746,-0.83],[69.482,1.221],[74.39,-0.83],[76.221,-6.982],[76.221,-63.623],[73.779,-69.946],[67.188,-71.582],[62.695,-71.582],[56.812,-70.85],[54.102,-68.213],[52.1,-62.012],[41.699,-22.803],[31.299,-62.012],[29.297,-68.213],[26.587,-70.85],[20.703,-71.582],[16.211,-71.582],[9.619,-69.946],[7.178,-63.623],[7.178,-6.982],[9.033,-0.806],[13.818,1.221],[18.677,-0.83],[20.508,-6.982],[20.508,-56.396],[31.982,-10.791]],"c":true},"ix":2},"nm":"M","mn":"ADBE Vector Shape - Group","hd":false}],"nm":"M","np":3,"cix":2,"bm":0,"ix":1,"mn":"ADBE Vector Group","hd":false}]},"fFamily":"Arial Rounded MT Bold"},{"ch":"y","size":46,"style":"Regular","w":54.2,"data":{"shapes":[{"ty":"gr","it":[{"ind":0,"ty":"sh","ix":1,"ks":{"a":0,"k":{"i":[[0.7,-1.123],[0.879,-0.456],[1.53,0],[0.846,0.195],[0.716,0],[0.928,-0.83],[0,-1.53],[-1.953,-0.847],[-3.906,0],[-2.361,1.221],[-1.433,2.278],[-1.498,4.004],[0,0],[-0.293,1.14],[-0.13,0.619],[0.504,0.912],[0.928,0.537],[1.009,0],[0.764,-0.488],[0.684,-1.399],[0.846,-2.473],[0,0],[0,0],[0.977,1.221],[1.92,0],[1.025,-0.586],[0.586,-0.977],[0,-1.139],[-1.009,-2.376],[0,0],[0,0]],"o":[[-0.7,1.123],[-0.879,0.455],[-0.619,0],[-0.684,-0.195],[-1.823,0],[-0.928,0.83],[0,2.246],[1.953,0.846],[4.004,0],[2.36,-1.221],[1.432,-2.279],[0,0],[0.423,-1.172],[0.293,-1.139],[0,-1.009],[-0.505,-0.911],[-0.928,-0.537],[-1.4,0],[-0.765,0.488],[-0.684,1.4],[0,0],[0,0],[-0.749,-2.278],[-0.977,-1.221],[-1.107,0],[-1.025,0.586],[-0.586,0.977],[0,1.074],[0,0],[0,0],[-0.912,2.18]],"v":[[16.772,7.837],[14.404,10.205],[10.791,10.889],[8.594,10.596],[6.494,10.303],[2.368,11.548],[0.977,15.088],[3.906,19.727],[12.695,20.996],[22.241,19.165],[27.93,13.916],[32.324,4.492],[49.707,-41.016],[50.781,-44.482],[51.416,-47.119],[50.659,-50],[48.511,-52.173],[45.605,-52.979],[42.358,-52.246],[40.186,-49.414],[37.891,-43.604],[27.197,-13.086],[15.918,-45.898],[13.33,-51.147],[8.984,-52.979],[5.786,-52.1],[3.369,-49.756],[2.49,-46.582],[4.004,-41.406],[20.41,-0.098],[19.189,2.881]],"c":true},"ix":2},"nm":"y","mn":"ADBE Vector Shape - Group","hd":false}],"nm":"y","np":3,"cix":2,"bm":0,"ix":1,"mn":"ADBE Vector Group","hd":false}]},"fFamily":"Arial Rounded MT Bold"},{"ch":" ","size":46,"style":"Regular","w":25,"data":{},"fFamily":"Arial Rounded MT Bold"},{"ch":"S","size":46,"style":"Regular","w":66.7,"data":{"shapes":[{"ty":"gr","it":[{"ind":0,"ty":"sh","ix":1,"ks":{"a":0,"k":{"i":[[1.286,2.49],[2.295,1.628],[3.271,1.14],[4.036,0.945],[1.399,0.423],[1.367,0.749],[0.781,1.042],[0,1.433],[-2.295,1.644],[-3.744,0],[-1.823,-1.514],[-1.302,-2.702],[-0.863,-0.83],[-1.66,0],[-1.221,1.384],[0,1.726],[0.977,1.986],[2.116,1.807],[3.206,1.091],[4.395,0],[4.069,-1.643],[2.148,-3.059],[0,-3.938],[-2.035,-2.783],[-3.467,-1.611],[-5.144,-1.204],[-2.295,-0.781],[-1.449,-1.481],[0,-2.376],[2.686,-2.002],[4.297,0],[1.92,0.993],[1.057,1.53],[0.911,2.279],[1.057,0.977],[1.53,0],[1.221,-1.253],[0,-1.758],[-2.035,-3.206],[-3.255,-1.92],[-7.064,0],[-4.297,1.953],[-2.23,3.451],[0,4.33]],"o":[[-1.286,-2.49],[-2.295,-1.627],[-3.271,-1.139],[-3.223,-0.813],[-1.4,-0.423],[-1.367,-0.748],[-0.781,-1.041],[0,-2.311],[2.295,-1.643],[4.036,0],[1.823,1.514],[1.009,1.888],[0.862,0.83],[1.823,0],[1.221,-1.383],[0,-1.888],[-0.977,-1.985],[-2.116,-1.807],[-3.207,-1.09],[-5.502,0],[-4.07,1.644],[-2.148,3.06],[0,4.134],[2.034,2.783],[3.467,1.611],[3.841,0.879],[2.295,0.781],[1.448,1.482],[0,2.995],[-2.686,2.002],[-3.125,0],[-1.921,-0.993],[-1.058,-1.53],[-0.749,-1.92],[-1.058,-0.977],[-1.888,0],[-1.221,1.254],[0,3.027],[2.034,3.207],[4.59,2.67],[5.891,0],[4.297,-1.953],[2.229,-3.45],[0,-3.613]],"v":[[60.278,-30.64],[54.907,-36.816],[46.558,-40.967],[35.596,-44.092],[28.662,-45.947],[24.512,-47.705],[21.289,-50.391],[20.117,-54.102],[23.56,-60.034],[32.617,-62.5],[41.406,-60.229],[46.094,-53.906],[48.901,-49.829],[52.686,-48.584],[57.251,-50.659],[59.082,-55.322],[57.617,-61.133],[52.979,-66.821],[44.995,-71.167],[33.594,-72.803],[19.238,-70.337],[9.912,-63.281],[6.689,-52.783],[9.741,-42.407],[17.993,-35.815],[30.908,-31.592],[40.112,-29.102],[45.728,-25.708],[47.9,-19.922],[43.872,-12.427],[33.398,-9.424],[25.83,-10.913],[21.362,-14.697],[18.408,-20.41],[15.698,-24.756],[11.816,-26.221],[7.153,-24.341],[5.322,-19.824],[8.374,-10.474],[16.309,-2.783],[33.789,1.221],[49.072,-1.709],[58.862,-9.814],[62.207,-21.484]],"c":true},"ix":2},"nm":"S","mn":"ADBE Vector Shape - Group","hd":false}],"nm":"S","np":3,"cix":2,"bm":0,"ix":1,"mn":"ADBE Vector Group","hd":false}]},"fFamily":"Arial Rounded MT Bold"},{"ch":"k","size":46,"style":"Regular","w":57.32,"data":{"shapes":[{"ty":"gr","it":[{"ind":0,"ty":"sh","ix":1,"ks":{"a":0,"k":{"i":[[-0.879,-0.879],[-1.628,0],[-1.156,1.221],[0,2.116],[0.439,0.83],[1.009,1.595],[0,0],[0,0],[0,1.953],[1.106,1.058],[1.66,0],[0.977,-0.716],[1.855,-1.953],[0,0],[0,0],[1.204,1.4],[2.051,0],[1.139,-1.546],[0,-2.962],[0,0],[-1.172,-1.367],[-2.051,0],[-1.351,1.383],[0,2.572],[0,0],[0,0],[0,0]],"o":[[0.879,0.879],[1.888,0],[1.155,-1.221],[0,-0.748],[-0.439,-0.83],[0,0],[0,0],[3.613,-3.255],[0,-1.595],[-1.107,-1.057],[-1.4,0],[-0.977,0.716],[0,0],[0,0],[0,-2.734],[-1.205,-1.399],[-2.116,0],[-1.14,1.546],[0,0],[0,2.67],[1.172,1.367],[1.758,0],[1.35,-1.383],[0,0],[0,0],[0,0],[1.497,2.312]],"v":[[43.652,-0.098],[47.412,1.221],[51.978,-0.61],[53.711,-5.615],[53.052,-7.983],[50.879,-11.621],[37.207,-33.105],[44.287,-39.6],[49.707,-47.412],[48.047,-51.392],[43.896,-52.979],[40.332,-51.904],[36.084,-47.9],[21.094,-32.178],[21.094,-64.502],[19.287,-70.703],[14.404,-72.803],[9.521,-70.483],[7.812,-63.721],[7.812,-6.885],[9.57,-0.83],[14.404,1.221],[19.067,-0.854],[21.094,-6.787],[21.094,-17.383],[28.32,-24.219],[40.088,-4.883]],"c":true},"ix":2},"nm":"k","mn":"ADBE Vector Shape - Group","hd":false}],"nm":"k","np":3,"cix":2,"bm":0,"ix":1,"mn":"ADBE Vector Group","hd":false}]},"fFamily":"Arial Rounded MT Bold"},{"ch":"i","size":46,"style":"Regular","w":27.1,"data":{"shapes":[{"ty":"gr","it":[{"ind":0,"ty":"sh","ix":1,"ks":{"a":0,"k":{"i":[[1.27,1.335],[1.953,0],[1.221,-1.334],[0,-2.637],[0,0],[-1.221,-1.399],[-1.953,0],[-1.27,1.367],[0,2.67],[0,0]],"o":[[-1.27,-1.334],[-1.953,0],[-1.221,1.335],[0,0],[0,2.605],[1.221,1.399],[1.953,0],[1.27,-1.367],[0,0],[0,-2.376]],"v":[[18.311,-50.977],[13.477,-52.979],[8.716,-50.977],[6.885,-45.02],[6.885,-6.885],[8.716,-0.879],[13.477,1.221],[18.311,-0.83],[20.215,-6.885],[20.215,-45.41]],"c":true},"ix":2},"nm":"i","mn":"ADBE Vector Shape - Group","hd":false},{"ind":1,"ty":"sh","ix":2,"ks":{"a":0,"k":{"i":[[-1.302,1.156],[0,2.051],[1.334,1.107],[1.725,0],[1.35,-1.221],[0,-1.888],[-1.318,-1.139],[-1.855,0]],"o":[[1.302,-1.155],[0,-2.116],[-1.335,-1.106],[-1.791,0],[-1.351,1.221],[0,2.084],[1.318,1.14],[1.79,0]],"v":[[18.262,-60.913],[20.215,-65.723],[18.213,-70.557],[13.623,-72.217],[8.911,-70.386],[6.885,-65.723],[8.862,-60.889],[13.623,-59.18]],"c":true},"ix":2},"nm":"i","mn":"ADBE Vector Shape - Group","hd":false}],"nm":"i","np":5,"cix":2,"bm":0,"ix":1,"mn":"ADBE Vector Group","hd":false}]},"fFamily":"Arial Rounded MT Bold"},{"ch":"l","size":46,"style":"Regular","w":27.1,"data":{"shapes":[{"ty":"gr","it":[{"ind":0,"ty":"sh","ix":1,"ks":{"a":0,"k":{"i":[[-1.221,-1.399],[-1.953,0],[-1.254,1.35],[0,2.702],[0,0],[1.237,1.351],[2.018,0],[1.188,-1.367],[0,-2.669],[0,0]],"o":[[1.221,1.399],[1.985,0],[1.253,-1.35],[0,0],[0,-2.702],[-1.237,-1.35],[-2.019,0],[-1.189,1.367],[0,0],[0,2.605]],"v":[[8.716,-0.879],[13.477,1.221],[18.335,-0.806],[20.215,-6.885],[20.215,-64.697],[18.359,-70.776],[13.477,-72.803],[8.667,-70.752],[6.885,-64.697],[6.885,-6.885]],"c":true},"ix":2},"nm":"l","mn":"ADBE Vector Shape - Group","hd":false}],"nm":"l","np":3,"cix":2,"bm":0,"ix":1,"mn":"ADBE Vector Group","hd":false}]},"fFamily":"Arial Rounded MT Bold"},{"ch":"s","size":46,"style":"Regular","w":54.2,"data":{"shapes":[{"ty":"gr","it":[{"ind":0,"ty":"sh","ix":1,"ks":{"a":0,"k":{"i":[[1.35,1.904],[2.62,1.4],[4.134,1.009],[1.985,0.586],[1.172,0.896],[0,1.4],[-1.595,1.025],[-2.409,0],[-1.367,-0.781],[-1.009,-1.302],[-0.961,-0.781],[-1.367,0],[-1.025,0.977],[0,1.53],[0.96,1.465],[1.839,1.205],[2.75,0.716],[3.45,0],[3.108,-1.416],[1.595,-2.376],[0,-2.669],[-1.726,-2.051],[-2.881,-1.253],[-4.59,-1.139],[-1.775,-1.074],[0,-2.344],[1.709,-1.188],[2.669,0],[1.904,1.172],[1.367,2.377],[0.748,0.684],[1.399,0],[1.041,-1.041],[0,-1.465],[-1.628,-2.197],[-3.418,-1.465],[-4.785,0],[-3.5,1.35],[-1.791,2.621],[0,3.679]],"o":[[-1.351,-1.904],[-2.621,-1.399],[-3.484,-0.846],[-1.986,-0.586],[-1.172,-0.895],[0,-1.53],[1.595,-1.025],[2.344,0],[1.367,0.781],[1.237,1.562],[0.96,0.781],[1.888,0],[1.025,-0.977],[0,-1.399],[-0.961,-1.465],[-1.839,-1.204],[-2.751,-0.716],[-4.395,0],[-3.109,1.416],[-1.595,2.377],[0,2.995],[1.725,2.051],[2.881,1.254],[4.069,0.977],[1.774,1.074],[0,1.53],[-1.709,1.189],[-3.288,0],[-1.904,-1.172],[-0.684,-1.237],[-0.749,-0.684],[-1.595,0],[-1.042,1.042],[0,2.214],[1.627,2.197],[3.418,1.465],[5.013,0],[3.499,-1.35],[1.79,-2.62],[0,-2.441]],"v":[[47.778,-22.729],[41.821,-27.686],[31.689,-31.299],[23.486,-33.447],[18.75,-35.669],[16.992,-39.111],[19.385,-42.944],[25.391,-44.482],[30.957,-43.311],[34.521,-40.186],[37.817,-36.67],[41.309,-35.498],[45.679,-36.963],[47.217,-40.723],[45.776,-45.02],[41.577,-49.023],[34.692,-51.904],[25.391,-52.979],[14.136,-50.854],[7.08,-45.166],[4.688,-37.598],[7.275,-30.029],[14.185,-25.073],[25.391,-21.484],[34.155,-18.408],[36.816,-13.281],[34.253,-9.204],[27.686,-7.422],[19.897,-9.18],[14.99,-14.502],[12.842,-17.383],[9.619,-18.408],[5.664,-16.846],[4.102,-13.086],[6.543,-6.47],[14.111,-0.977],[26.416,1.221],[39.185,-0.806],[47.119,-6.763],[49.805,-16.211]],"c":true},"ix":2},"nm":"s","mn":"ADBE Vector Shape - Group","hd":false}],"nm":"s","np":3,"cix":2,"bm":0,"ix":1,"mn":"ADBE Vector Group","hd":false}]},"fFamily":"Arial Rounded MT Bold"}]}