{"v":"5.12.1","fr":25,"ip":0,"op":91,"w":975,"h":110,"nm":"Comp 1","ddd":0,"assets":[],"fonts":{"list":[{"fName":"ArialRoundedMTBold","fFamily":"Arial Rounded MT Bold","fStyle":"Regular","ascent":74.0203857421875}]},"layers":[{"ddd":0,"ind":1,"ty":4,"nm":"Shape Layer 2","td":1,"sr":1,"ks":{"o":{"a":0,"k":100,"ix":11},"r":{"a":0,"k":0,"ix":10},"p":{"a":1,"k":[{"i":{"x":0.833,"y":0.833},"o":{"x":0.167,"y":0.167},"t":0,"s":[-509.5,85,0],"to":[0,0,0],"ti":[0,0,0]},{"t":63,"s":[996.5,85,0]}],"ix":2,"l":2},"a":{"a":0,"k":[0,0,0],"ix":1,"l":2},"s":{"a":0,"k":[100,100,100],"ix":6,"l":2}},"ao":0,"shapes":[{"ty":"gr","it":[{"ty":"rc","d":1,"s":{"a":0,"k":[1986,74],"ix":2},"p":{"a":0,"k":[0,0],"ix":3},"r":{"a":0,"k":0,"ix":4},"nm":"Rectangle Path 1","mn":"ADBE Vector Shape - Rect","hd":false},{"ty":"gf","o":{"a":0,"k":100,"ix":10},"r":1,"bm":0,"g":{"p":2,"k":{"a":0,"k":[0,1,1,1,1,0,0,0],"ix":9}},"s":{"a":0,"k":[0,0],"ix":5},"e":{"a":0,"k":[100,0],"ix":6},"t":1,"nm":"Gradient Fill 1","mn":"ADBE Vector Graphic - G-Fill","hd":false},{"ty":"tr","p":{"a":0,"k":[-12.5,-31],"ix":2},"a":{"a":0,"k":[0,0],"ix":1},"s":{"a":0,"k":[100,100],"ix":3},"r":{"a":0,"k":0,"ix":6},"o":{"a":0,"k":100,"ix":7},"sk":{"a":0,"k":0,"ix":4},"sa":{"a":0,"k":0,"ix":5},"nm":"Transform"}],"nm":"Rectangle 1","np":3,"cix":2,"bm":0,"ix":1,"mn":"ADBE Vector Group","hd":false}],"ip":0,"op":150,"st":0,"ct":1,"bm":0},{"ddd":0,"ind":2,"ty":5,"nm":"Education and Professional Timeline Story","tt":3,"tp":1,"sr":1,"ks":{"o":{"a":0,"k":100,"ix":11},"r":{"a":0,"k":0,"ix":10},"p":{"a":0,"k":[480.046,54,0],"ix":2,"l":2},"a":{"a":0,"k":[-0.797,-16.464,0],"ix":1,"l":2},"s":{"a":0,"k":[100,100,100],"ix":6,"l":2}},"ao":0,"t":{"d":{"k":[{"s":{"s":46,"f":"ArialRoundedMTBold","t":"Education and Professional Timeline Story","ca":0,"j":2,"tr":0,"lh":55.2000007629395,"ls":0,"fc":[0.922,0.922,0.922]},"t":0}]},"p":{},"m":{"g":1,"a":{"a":0,"k":[0,0],"ix":2}},"a":[]},"ip":0,"op":153,"st":0,"ct":1,"bm":0},{"ddd":0,"ind":3,"ty":4,"nm":"Shape Layer 3","td":1,"sr":1,"ks":{"o":{"a":0,"k":100,"ix":11},"r":{"a":0,"k":0,"ix":10},"p":{"a":1,"k":[{"i":{"x":0.833,"y":0.833},"o":{"x":0.167,"y":0.167},"t":22,"s":[38.5,154,0],"to":[0,0,0],"ti":[0,0,0]},{"t":53,"s":[780.5,154,0]}],"ix":2,"l":2},"a":{"a":0,"k":[0,0,0],"ix":1,"l":2},"s":{"a":0,"k":[100,100,100],"ix":6,"l":2}},"ao":0,"shapes":[{"ty":"gr","it":[{"ty":"rc","d":1,"s":{"a":0,"k":[1155,74],"ix":2},"p":{"a":0,"k":[0,0],"ix":3},"r":{"a":0,"k":0,"ix":4},"nm":"Rectangle Path 1","mn":"ADBE Vector Shape - Rect","hd":false},{"ty":"gf","o":{"a":0,"k":100,"ix":10},"r":1,"bm":0,"g":{"p":2,"k":{"a":0,"k":[0,1,1,1,1,0,0,0],"ix":9}},"s":{"a":0,"k":[0,0],"ix":5},"e":{"a":0,"k":[100,0],"ix":6},"t":1,"nm":"Gradient Fill 1","mn":"ADBE Vector Graphic - G-Fill","hd":false},{"ty":"tr","p":{"a":0,"k":[-12.5,-31],"ix":2},"a":{"a":0,"k":[0,0],"ix":1},"s":{"a":0,"k":[100,100],"ix":3},"r":{"a":0,"k":0,"ix":6},"o":{"a":0,"k":100,"ix":7},"sk":{"a":0,"k":0,"ix":4},"sa":{"a":0,"k":0,"ix":5},"nm":"Transform"}],"nm":"Rectangle 1","np":3,"cix":2,"bm":0,"ix":1,"mn":"ADBE Vector Group","hd":false}],"ip":22,"op":172,"st":22,"ct":1,"bm":0},{"ddd":0,"ind":5,"ty":4,"nm":"Shape Layer 1","sr":1,"ks":{"o":{"a":0,"k":100,"ix":11},"r":{"a":0,"k":0,"ix":10},"p":{"a":0,"k":[810.5,54,0],"ix":2,"l":2},"a":{"a":0,"k":[436,3,0],"ix":1,"l":2},"s":{"a":0,"k":[123.3,70.7,100],"ix":6,"l":2}},"ao":0,"hasMask":true,"masksProperties":[{"inv":false,"mode":"a","pt":{"a":1,"k":[{"i":{"x":0.833,"y":0.833},"o":{"x":0.167,"y":0.167},"t":46,"s":[{"i":[[0,0],[0,0],[0,0],[0,0]],"o":[[0,0],[0,0],[0,0],[0,0]],"v":[[282.492,-53.834],[275.007,-53.834],[275.007,55.666],[282.492,55.666]],"c":true}]},{"t":59.9998165483192,"s":[{"i":[[0,0],[0,0],[0,0],[0,0]],"o":[[0,0],[0,0],[0,0],[0,0]],"v":[[558.298,-53.501],[283.929,-53.501],[283.929,55.999],[558.298,55.999]],"c":true}]}],"ix":1},"o":{"a":0,"k":100,"ix":3},"x":{"a":0,"k":0,"ix":4},"nm":"Mask 1"}],"shapes":[{"ty":"gr","it":[{"ty":"rc","d":1,"s":{"a":0,"k":[300,78],"ix":2},"p":{"a":0,"k":[0,0],"ix":3},"r":{"a":0,"k":0,"ix":4},"nm":"Rectangle Path 1","mn":"ADBE Vector Shape - Rect","hd":false},{"ty":"gf","o":{"a":0,"k":100,"ix":10},"r":1,"bm":0,"g":{"p":3,"k":{"a":0,"k":[0,0.553,0.38,0.114,0.5,0.635,0.486,0.257,1,0.718,0.592,0.4],"ix":9}},"s":{"a":0,"k":[0,0],"ix":5},"e":{"a":0,"k":[266,0],"ix":6},"t":1,"nm":"Gradient Fill 1","mn":"ADBE Vector Graphic - G-Fill","hd":false},{"ty":"tr","p":{"a":0,"k":[436,3],"ix":2},"a":{"a":0,"k":[0,0],"ix":1},"s":{"a":0,"k":[100,100],"ix":3},"r":{"a":0,"k":0,"ix":6},"o":{"a":0,"k":100,"ix":7},"sk":{"a":0,"k":0,"ix":4},"sa":{"a":0,"k":0,"ix":5},"nm":"Transform"}],"nm":"Rectangle 1","np":3,"cix":2,"bm":0,"ix":1,"mn":"ADBE Vector Group","hd":false}],"ip":0,"op":153,"st":-14.1808475141808,"ct":1,"bm":0}],"markers":[],"props":{},"chars":[{"ch":"E","size":46,"style":"Regular","w":66.7,"data":{"shapes":[{"ty":"gr","it":[{"ind":0,"ty":"sh","ix":1,"ks":{"a":0,"k":{"i":[[-1.123,1.025],[0,1.693],[1.123,1.025],[2.311,0],[0,0],[1.318,-0.602],[0.618,-1.318],[0,-2.083],[0,0],[-1.384,-1.399],[-3.158,0],[0,0],[-1.156,1.058],[0,1.693],[1.155,1.058],[2.278,0],[0,0],[0,0],[0,0],[-1.074,1.025],[0,1.628],[1.09,0.993],[2.213,0],[0,0],[0,0],[0,0]],"o":[[1.123,-1.025],[0,-1.66],[-1.123,-1.025],[0,0],[-2.051,0],[-1.318,0.603],[-0.619,1.318],[0,0],[0,3.125],[1.383,1.4],[0,0],[2.278,0],[1.155,-1.057],[0,-1.758],[-1.156,-1.057],[0,0],[0,0],[0,0],[2.246,0],[1.074,-1.025],[0,-1.627],[-1.091,-0.993],[0,0],[0,0],[0,0],[2.311,0]],"v":[[60.132,-61.938],[61.816,-66.016],[60.132,-70.044],[54.98,-71.582],[16.699,-71.582],[11.646,-70.679],[8.74,-67.798],[7.812,-62.695],[7.812,-8.887],[9.888,-2.1],[16.699,0],[56.104,0],[61.255,-1.587],[62.988,-5.713],[61.255,-9.937],[56.104,-11.523],[22.314,-11.523],[22.314,-31.885],[52.393,-31.885],[57.373,-33.423],[58.984,-37.402],[57.349,-41.333],[52.393,-42.822],[22.314,-42.822],[22.314,-60.4],[54.98,-60.4]],"c":true},"ix":2},"nm":"E","mn":"ADBE Vector Shape - Group","hd":false}],"nm":"E","np":3,"cix":2,"bm":0,"ix":1,"mn":"ADBE Vector Group","hd":false}]},"fFamily":"Arial Rounded MT Bold"},{"ch":"d","size":46,"style":"Regular","w":62.5,"data":{"shapes":[{"ty":"gr","it":[{"ind":0,"ty":"sh","ix":1,"ks":{"a":0,"k":{"i":[[-1.189,-1.318],[-1.823,0],[-1.172,1.27],[0,2.539],[0,0],[1.09,1.286],[2.018,0],[1.09,-1.399],[0,-2.734],[0,0],[2.637,1.318],[3.841,0],[4.069,-4.655],[0,-8.333],[-1.025,-3.385],[-1.986,-2.506],[-2.718,-1.35],[-3.191,0],[-2.035,0.667],[-1.742,1.286],[-1.791,2.051],[0,0]],"o":[[1.188,1.318],[1.855,0],[1.172,-1.27],[0,0],[0,-2.506],[-1.091,-1.286],[-2.019,0],[-1.091,1.4],[0,0],[-2.507,-2.734],[-2.637,-1.318],[-6.641,0],[-4.07,4.655],[0,3.939],[1.025,3.386],[1.985,2.507],[2.718,1.35],[2.409,0],[2.034,-0.667],[1.741,-1.286],[0,0],[0,2.441]],"v":[[45.19,-0.757],[49.707,1.221],[54.248,-0.684],[56.006,-6.396],[56.006,-65.186],[54.37,-70.874],[49.707,-72.803],[45.044,-70.703],[43.408,-64.502],[43.408,-44.824],[35.693,-50.903],[25.977,-52.881],[9.912,-45.898],[3.809,-26.416],[5.347,-15.43],[9.863,-6.592],[16.919,-0.806],[25.781,1.221],[32.446,0.22],[38.11,-2.71],[43.408,-7.715],[43.408,-6.396]],"c":true},"ix":2},"nm":"d","mn":"ADBE Vector Shape - Group","hd":false},{"ind":1,"ty":"sh","ix":2,"ks":{"a":0,"k":{"i":[[-1.058,2.588],[-1.921,1.384],[-2.441,0],[-1.97,-1.35],[-1.156,-2.555],[0,-3.548],[1.155,-2.522],[1.936,-1.221],[2.344,0],[1.953,1.286],[1.123,2.539],[0,3.613]],"o":[[1.057,-2.588],[1.92,-1.383],[2.344,0],[1.969,1.351],[1.155,2.556],[0,3.777],[-1.156,2.523],[-1.937,1.221],[-2.312,0],[-1.953,-1.286],[-1.123,-2.539],[0,-3.418]],"v":[[18.774,-34.985],[23.242,-40.942],[29.785,-43.018],[36.255,-40.991],[40.942,-35.132],[42.676,-25.977],[40.942,-16.528],[36.304,-10.913],[29.883,-9.082],[23.486,-11.011],[18.872,-16.748],[17.188,-25.977]],"c":true},"ix":2},"nm":"d","mn":"ADBE Vector Shape - Group","hd":false}],"nm":"d","np":5,"cix":2,"bm":0,"ix":1,"mn":"ADBE Vector Group","hd":false}]},"fFamily":"Arial Rounded MT Bold"},{"ch":"u","size":46,"style":"Regular","w":60.4,"data":{"shapes":[{"ty":"gr","it":[{"ind":0,"ty":"sh","ix":1,"ks":{"a":0,"k":{"i":[[-1.189,-1.318],[-1.823,0],[-1.156,1.27],[0,2.539],[0,0],[1.204,1.318],[1.985,0],[1.237,-1.334],[0,-2.637],[0,0],[0.748,-1.888],[1.985,-1.334],[2.246,0],[1.35,1.189],[0.52,2.1],[0,3.093],[0,0],[1.237,1.335],[2.018,0],[1.204,-1.318],[0,-2.669],[0,0],[-1.66,-2.832],[-2.556,-1.334],[-3.223,0],[-2.084,0.667],[-1.758,1.367],[-1.595,2.019],[0,0]],"o":[[1.188,1.318],[1.823,0],[1.155,-1.27],[0,0],[0,-2.669],[-1.205,-1.318],[-1.986,0],[-1.237,1.335],[0,0],[0,6.38],[-0.912,2.148],[-1.986,1.335],[-2.312,0],[-1.351,-1.188],[-0.521,-2.1],[0,0],[0,-2.637],[-1.237,-1.334],[-1.986,0],[-1.205,1.318],[0,0],[0,5.306],[1.399,2.344],[2.555,1.334],[2.669,0],[2.083,-0.667],[1.758,-1.367],[0,0],[0,2.377]],"v":[[43.286,-0.757],[47.803,1.221],[52.271,-0.684],[54.004,-6.396],[54.004,-45.02],[52.197,-51.001],[47.412,-52.979],[42.578,-50.977],[40.723,-45.02],[40.723,-28.809],[39.6,-16.406],[35.254,-11.182],[28.906,-9.18],[23.413,-10.962],[20.605,-15.894],[19.824,-23.682],[19.824,-45.02],[17.969,-50.977],[13.086,-52.979],[8.301,-51.001],[6.494,-45.02],[6.494,-18.604],[8.984,-6.396],[14.917,-0.879],[23.584,1.123],[30.713,0.122],[36.475,-2.93],[41.504,-8.008],[41.504,-6.299]],"c":true},"ix":2},"nm":"u","mn":"ADBE Vector Shape - Group","hd":false}],"nm":"u","np":3,"cix":2,"bm":0,"ix":1,"mn":"ADBE Vector Group","hd":false}]},"fFamily":"Arial Rounded MT Bold"},{"ch":"c","size":46,"style":"Regular","w":59.42,"data":{"shapes":[{"ty":"gr","it":[{"ind":0,"ty":"sh","ix":1,"ks":{"a":0,"k":{"i":[[1.074,1.237],[1.627,0],[0.944,-0.846],[0.813,-1.497],[1.904,-1.237],[2.669,0],[1.66,0.765],[1.172,1.482],[0.618,2.1],[0,2.507],[-2.409,3.076],[-3.939,0],[-1.775,-1.237],[-1.628,-2.473],[-0.732,-0.569],[-1.107,0],[-1.189,1.107],[0,1.595],[1.057,1.807],[2.002,1.595],[2.881,1.009],[3.45,0],[4.004,-2.295],[2.116,-4.199],[0,-5.469],[-4.623,-4.801],[-8.236,0],[-3.093,1.041],[-2.035,1.709],[-0.993,1.888],[0,1.66]],"o":[[-1.074,-1.237],[-1.367,0],[-0.945,0.847],[-1.465,2.539],[-1.904,1.237],[-1.986,0],[-1.66,-0.764],[-1.172,-1.481],[-0.619,-2.1],[0,-5.338],[2.409,-3.076],[2.734,0],[1.774,1.237],[0.911,1.27],[0.732,0.57],[1.692,0],[1.188,-1.106],[0,-1.562],[-1.058,-1.807],[-2.002,-1.595],[-2.881,-1.009],[-5.566,0],[-4.004,2.295],[-2.116,4.199],[0,8.073],[4.622,4.802],[3.873,0],[3.092,-1.041],[2.034,-1.709],[0.993,-1.888],[0,-1.399]],"v":[[53.076,-19.238],[49.023,-21.094],[45.557,-19.824],[42.92,-16.309],[37.866,-10.645],[31.006,-8.789],[25.537,-9.937],[21.289,-13.306],[18.604,-18.677],[17.676,-25.586],[21.289,-38.208],[30.811,-42.822],[37.573,-40.967],[42.676,-35.4],[45.142,-32.642],[47.9,-31.787],[52.222,-33.447],[54.004,-37.5],[52.417,-42.554],[47.827,-47.656],[40.503,-51.562],[31.006,-53.076],[16.65,-49.634],[7.471,-39.893],[4.297,-25.391],[11.23,-6.079],[30.518,1.123],[40.967,-0.439],[48.657,-4.565],[53.198,-9.961],[54.688,-15.283]],"c":true},"ix":2},"nm":"c","mn":"ADBE Vector Shape - Group","hd":false}],"nm":"c","np":3,"cix":2,"bm":0,"ix":1,"mn":"ADBE Vector Group","hd":false}]},"fFamily":"Arial Rounded MT Bold"},{"ch":"a","size":46,"style":"Regular","w":59.42,"data":{"shapes":[{"ty":"gr","it":[{"ind":0,"ty":"sh","ix":1,"ks":{"a":0,"k":{"i":[[-1.335,-1.286],[-1.367,0],[-1.286,1.123],[0,1.367],[0.83,2.718],[0,2.507],[-0.017,2.181],[0,3.125],[1.383,2.995],[3.352,1.384],[5.859,0],[3.516,-1.432],[1.66,-2.213],[0,-2.344],[-1.091,-0.96],[-1.498,0],[-0.505,0.603],[-1.221,1.888],[-1.709,0.945],[-3.386,0],[-1.254,-1.643],[-0.163,-3.516],[2.393,-0.569],[3.352,-0.684],[0.846,-0.195],[2.311,-2.571],[0,-3.645],[-1.4,-2.311],[-2.588,-1.35],[-3.418,0],[-3.011,1.253],[-3.223,2.507]],"o":[[1.334,1.286],[1.627,0],[1.286,-1.123],[0,-0.781],[-0.83,-2.718],[0.032,-2.669],[0.016,-2.18],[0,-4.948],[-1.384,-2.995],[-3.353,-1.383],[-5.241,0],[-3.516,1.433],[-1.66,2.214],[0,1.498],[1.09,0.961],[1.66,0],[0.504,-0.602],[1.221,-1.888],[1.709,-0.944],[3.938,0],[1.253,1.644],[-2.8,0.814],[-2.393,0.57],[-3.353,0.684],[-4.037,0.879],[-2.312,2.572],[0,2.702],[1.399,2.312],[2.588,1.35],[3.743,0],[3.011,-1.253],[1.497,2.441]],"v":[[44.824,-0.708],[48.877,1.221],[53.247,-0.464],[55.176,-4.199],[53.931,-9.448],[52.686,-17.285],[52.759,-24.561],[52.783,-32.52],[50.708,-44.434],[43.604,-51.001],[29.785,-53.076],[16.65,-50.928],[8.887,-45.459],[6.396,-38.623],[8.032,-34.937],[11.914,-33.496],[15.161,-34.399],[17.749,-38.135],[22.144,-42.383],[29.785,-43.799],[37.573,-41.333],[39.697,-33.594],[31.909,-31.519],[23.291,-29.639],[16.992,-28.32],[7.471,-23.145],[4.004,-13.818],[6.104,-6.299],[12.085,-0.806],[21.094,1.221],[31.226,-0.659],[40.576,-6.299]],"c":true},"ix":2},"nm":"a","mn":"ADBE Vector Shape - Group","hd":false},{"ind":1,"ty":"sh","ix":2,"ks":{"a":0,"k":{"i":[[0,0],[1.204,-2.018],[2.229,-1.155],[2.637,0],[1.53,1.416],[0,2.019],[-1.302,1.091],[-1.433,0.375],[-3.728,0.798],[-1.953,0.716]],"o":[[0,4.623],[-1.042,1.823],[-2.23,1.156],[-2.474,0],[-1.53,-1.416],[0,-1.953],[1.302,-1.09],[1.432,-0.374],[3.727,-0.797],[0,0]],"v":[[39.697,-23.682],[37.891,-13.721],[32.983,-9.253],[25.684,-7.52],[19.678,-9.644],[17.383,-14.795],[19.336,-19.36],[23.438,-21.558],[31.177,-23.315],[39.697,-25.586]],"c":true},"ix":2},"nm":"a","mn":"ADBE Vector Shape - Group","hd":false}],"nm":"a","np":5,"cix":2,"bm":0,"ix":1,"mn":"ADBE Vector Group","hd":false}]},"fFamily":"Arial Rounded MT Bold"},{"ch":"t","size":46,"style":"Regular","w":35.4,"data":{"shapes":[{"ty":"gr","it":[{"ind":0,"ty":"sh","ix":1,"ks":{"a":0,"k":{"i":[[1.057,-0.895],[0,-1.399],[-1.009,-0.911],[-1.921,0],[0,0],[0,0],[-0.668,-2.473],[-2.148,-1.399],[-4.167,0],[-2.344,1.139],[0,2.148],[0.862,0.863],[1.074,0],[1.334,-0.276],[0.781,0],[0.635,0.7],[0.146,1.123],[0,2.084],[0,0],[0,0],[-1.416,0.716],[0,1.791],[0.993,0.896],[1.888,0],[0,0],[0,0],[0.244,1.221],[0.911,0.847],[1.692,0],[0.977,-0.569],[0.52,-0.911],[0.114,-1.221],[0,-2.148],[0,0],[0,0]],"o":[[-1.058,0.896],[0,1.4],[1.009,0.912],[0,0],[0,0],[0,4.134],[0.667,2.474],[2.148,1.399],[4.395,0],[2.344,-1.139],[0,-1.27],[-0.863,-0.862],[-0.749,0],[-1.335,0.277],[-1.433,0],[-0.635,-0.7],[-0.146,-1.123],[0,0],[0,0],[2.637,0],[1.416,-0.716],[0,-1.399],[-0.993,-0.895],[0,0],[0,0],[0,-2.246],[-0.244,-1.221],[-1.367,-1.27],[-1.205,0],[-0.977,0.57],[-0.521,0.879],[-0.114,1.221],[0,0],[0,0],[-2.019,0]],"v":[[3.003,-50.464],[1.416,-47.021],[2.93,-43.555],[7.324,-42.188],[9.082,-42.188],[9.082,-16.602],[10.083,-6.689],[14.307,-0.879],[23.779,1.221],[33.887,-0.488],[37.402,-5.42],[36.108,-8.618],[33.203,-9.912],[30.078,-9.497],[26.904,-9.082],[23.804,-10.132],[22.632,-12.866],[22.412,-17.676],[22.412,-42.188],[24.902,-42.188],[30.981,-43.262],[33.105,-47.021],[31.616,-50.464],[27.295,-51.807],[22.412,-51.807],[22.412,-60.889],[22.046,-66.089],[20.312,-69.189],[15.723,-71.094],[12.451,-70.239],[10.205,-68.018],[9.253,-64.868],[9.082,-59.814],[9.082,-51.807],[7.617,-51.807]],"c":true},"ix":2},"nm":"t","mn":"ADBE Vector Shape - Group","hd":false}],"nm":"t","np":3,"cix":2,"bm":0,"ix":1,"mn":"ADBE Vector Group","hd":false}]},"fFamily":"Arial Rounded MT Bold"},{"ch":"i","size":46,"style":"Regular","w":27.1,"data":{"shapes":[{"ty":"gr","it":[{"ind":0,"ty":"sh","ix":1,"ks":{"a":0,"k":{"i":[[1.27,1.335],[1.953,0],[1.221,-1.334],[0,-2.637],[0,0],[-1.221,-1.399],[-1.953,0],[-1.27,1.367],[0,2.67],[0,0]],"o":[[-1.27,-1.334],[-1.953,0],[-1.221,1.335],[0,0],[0,2.605],[1.221,1.399],[1.953,0],[1.27,-1.367],[0,0],[0,-2.376]],"v":[[18.311,-50.977],[13.477,-52.979],[8.716,-50.977],[6.885,-45.02],[6.885,-6.885],[8.716,-0.879],[13.477,1.221],[18.311,-0.83],[20.215,-6.885],[20.215,-45.41]],"c":true},"ix":2},"nm":"i","mn":"ADBE Vector Shape - Group","hd":false},{"ind":1,"ty":"sh","ix":2,"ks":{"a":0,"k":{"i":[[-1.302,1.156],[0,2.051],[1.334,1.107],[1.725,0],[1.35,-1.221],[0,-1.888],[-1.318,-1.139],[-1.855,0]],"o":[[1.302,-1.155],[0,-2.116],[-1.335,-1.106],[-1.791,0],[-1.351,1.221],[0,2.084],[1.318,1.14],[1.79,0]],"v":[[18.262,-60.913],[20.215,-65.723],[18.213,-70.557],[13.623,-72.217],[8.911,-70.386],[6.885,-65.723],[8.862,-60.889],[13.623,-59.18]],"c":true},"ix":2},"nm":"i","mn":"ADBE Vector Shape - Group","hd":false}],"nm":"i","np":5,"cix":2,"bm":0,"ix":1,"mn":"ADBE Vector Group","hd":false}]},"fFamily":"Arial Rounded MT Bold"},{"ch":"o","size":46,"style":"Regular","w":60.4,"data":{"shapes":[{"ty":"gr","it":[{"ind":0,"ty":"sh","ix":1,"ks":{"a":0,"k":{"i":[[1.221,3.32],[2.344,2.409],[3.288,1.302],[4.036,0],[3.288,-1.286],[2.311,-2.376],[1.237,-3.352],[0,-4.036],[-1.221,-3.304],[-2.361,-2.425],[-3.223,-1.302],[-4.037,0],[-3.255,1.286],[-2.344,2.409],[-1.237,3.353],[0,3.972]],"o":[[-1.221,-3.32],[-2.344,-2.409],[-3.288,-1.302],[-3.972,0],[-3.288,1.286],[-2.312,2.377],[-1.237,3.353],[0,4.004],[1.221,3.304],[2.36,2.425],[3.223,1.302],[4.069,0],[3.255,-1.286],[2.344,-2.409],[1.237,-3.352],[0,-4.004]],"v":[[54.956,-36.865],[49.609,-45.459],[41.162,-51.025],[30.176,-52.979],[19.287,-51.05],[10.889,-45.557],[5.566,-36.963],[3.711,-25.879],[5.542,-14.917],[10.913,-6.323],[19.287,-0.732],[30.176,1.221],[41.162,-0.708],[49.561,-6.25],[54.932,-14.893],[56.787,-25.879]],"c":true},"ix":2},"nm":"o","mn":"ADBE Vector Shape - Group","hd":false},{"ind":1,"ty":"sh","ix":2,"ks":{"a":0,"k":{"i":[[2.393,-3.043],[4.036,0],[1.969,1.384],[1.057,2.605],[0,3.484],[-1.074,2.637],[-1.986,1.351],[-2.605,0],[-2.393,-3.027],[0,-5.436]],"o":[[-2.393,3.044],[-2.67,0],[-1.97,-1.383],[-1.058,-2.604],[0,-3.516],[1.074,-2.637],[1.985,-1.35],[4.036,0],[2.393,3.027],[0,5.371]],"v":[[39.819,-13.257],[30.176,-8.691],[23.218,-10.767],[18.677,-16.748],[17.09,-25.879],[18.701,-35.107],[23.291,-41.089],[30.176,-43.115],[39.819,-38.574],[43.408,-25.879]],"c":true},"ix":2},"nm":"o","mn":"ADBE Vector Shape - Group","hd":false}],"nm":"o","np":5,"cix":2,"bm":0,"ix":1,"mn":"ADBE Vector Group","hd":false}]},"fFamily":"Arial Rounded MT Bold"},{"ch":"n","size":46,"style":"Regular","w":60.4,"data":{"shapes":[{"ty":"gr","it":[{"ind":0,"ty":"sh","ix":1,"ks":{"a":0,"k":{"i":[[0.569,1.107],[0.944,0.554],[1.172,0],[1.106,-1.253],[0,-2.539],[0,0],[-1.237,-1.399],[-1.921,0],[-1.254,1.35],[0,2.702],[0,0],[-0.652,1.986],[-1.953,1.416],[-2.377,0],[-1.221,-2.327],[0,-4.395],[0,0],[-1.237,-1.399],[-1.986,0],[-1.221,1.367],[0,2.67],[0,0],[0.26,1.888],[0.879,1.628],[2.766,1.53],[3.516,0],[2.783,-1.448],[2.344,-3.092],[0,0]],"o":[[-0.57,-1.106],[-0.945,-0.553],[-1.921,0],[-1.107,1.254],[0,0],[0,2.605],[1.237,1.399],[1.985,0],[1.253,-1.35],[0,0],[0,-5.436],[0.911,-2.473],[1.953,-1.416],[3.645,0],[1.221,2.328],[0,0],[0,2.605],[1.237,1.399],[1.953,0],[1.221,-1.367],[0,0],[0,-2.93],[-0.261,-1.888],[-1.367,-2.799],[-2.767,-1.53],[-3.613,0],[-2.783,1.449],[0,0],[0,-1.595]],"v":[[18.14,-49.658],[15.869,-52.148],[12.695,-52.979],[8.154,-51.099],[6.494,-45.41],[6.494,-6.885],[8.35,-0.879],[13.086,1.221],[17.944,-0.806],[19.824,-6.885],[19.824,-23.584],[20.801,-34.717],[25.098,-40.552],[31.592,-42.676],[38.892,-39.185],[40.723,-29.102],[40.723,-6.885],[42.578,-0.879],[47.412,1.221],[52.173,-0.83],[54.004,-6.885],[54.004,-31.689],[53.613,-38.916],[51.904,-44.189],[45.703,-50.684],[36.279,-52.979],[26.685,-50.806],[18.994,-43.994],[18.994,-45.605]],"c":true},"ix":2},"nm":"n","mn":"ADBE Vector Shape - Group","hd":false}],"nm":"n","np":3,"cix":2,"bm":0,"ix":1,"mn":"ADBE Vector Group","hd":false}]},"fFamily":"Arial Rounded MT Bold"},{"ch":" ","size":46,"style":"Regular","w":25,"data":{},"fFamily":"Arial Rounded MT Bold"},{"ch":"P","size":46,"style":"Regular","w":66.7,"data":{"shapes":[{"ty":"gr","it":[{"ind":0,"ty":"sh","ix":1,"ks":{"a":0,"k":{"i":[[-4.492,3.76],[0,7.292],[1.106,2.734],[2.132,1.888],[2.93,0.814],[5.501,0],[0,0],[1.465,-1.367],[0,-3.19],[0,0],[-1.335,-1.481],[-2.181,0],[-1.367,1.497],[0,2.898],[0,0],[0,0]],"o":[[4.492,-3.76],[0,-3.418],[-1.107,-2.734],[-2.132,-1.888],[-2.962,-0.846],[0,0],[-3.191,0],[-1.465,1.367],[0,0],[0,2.865],[1.334,1.481],[2.083,0],[1.367,-1.497],[0,0],[0,0],[8.887,0]],"v":[[55.664,-33.521],[62.402,-50.098],[60.742,-59.326],[55.884,-66.26],[48.291,-70.312],[35.596,-71.582],[16.992,-71.582],[10.01,-69.531],[7.812,-62.695],[7.812,-7.52],[9.814,-1.001],[15.088,1.221],[20.264,-1.025],[22.314,-7.617],[22.314,-27.881],[35.596,-27.881]],"c":true},"ix":2},"nm":"P","mn":"ADBE Vector Shape - Group","hd":false},{"ind":1,"ty":"sh","ix":2,"ks":{"a":0,"k":{"i":[[-2.084,-2.116],[0,-3.157],[1.204,-1.627],[2.295,-0.716],[3.418,0],[0,0],[0,0],[0,0]],"o":[[1.855,1.986],[0,2.637],[-1.205,1.628],[-2.295,0.716],[0,0],[0,0],[0,0],[6.477,0]],"v":[[44.922,-57.52],[47.705,-49.805],[45.898,-43.408],[40.649,-39.893],[32.08,-38.818],[22.314,-38.818],[22.314,-60.693],[32.08,-60.693]],"c":true},"ix":2},"nm":"P","mn":"ADBE Vector Shape - Group","hd":false}],"nm":"P","np":5,"cix":2,"bm":0,"ix":1,"mn":"ADBE Vector Group","hd":false}]},"fFamily":"Arial Rounded MT Bold"},{"ch":"r","size":46,"style":"Regular","w":42.48,"data":{"shapes":[{"ty":"gr","it":[{"ind":0,"ty":"sh","ix":1,"ks":{"a":0,"k":{"i":[[-0.261,2.783],[-0.684,2.019],[-1.237,1.025],[-1.953,0],[-1.872,-0.602],[-0.488,0],[-1.123,1.058],[0,1.628],[2.637,1.4],[2.799,0],[1.676,-1.399],[1.595,-2.734],[0.977,1.4],[2.213,0],[0,-5.989],[0,0],[-1.237,-1.367],[-1.921,0],[-1.27,1.35],[0,2.702],[0,0]],"o":[[0.26,-2.783],[0.684,-2.018],[1.237,-1.025],[1.432,0],[1.871,0.603],[1.302,0],[1.123,-1.057],[0,-2.311],[-2.637,-1.399],[-2.8,0],[-1.677,1.4],[-0.098,-2.734],[-0.977,-1.399],[-4.33,0],[0,0],[0,2.67],[1.237,1.367],[1.953,0],[1.27,-1.35],[0,0],[0,-4.004]],"v":[[20.508,-28.198],[21.924,-35.4],[24.805,-39.966],[29.59,-41.504],[34.546,-40.601],[38.086,-39.697],[41.724,-41.284],[43.408,-45.312],[39.453,-50.879],[31.299,-52.979],[24.585,-50.879],[19.678,-44.678],[18.066,-50.879],[13.281,-52.979],[6.787,-43.994],[6.787,-6.885],[8.643,-0.83],[13.379,1.221],[18.213,-0.806],[20.117,-6.885],[20.117,-18.018]],"c":true},"ix":2},"nm":"r","mn":"ADBE Vector Shape - Group","hd":false}],"nm":"r","np":3,"cix":2,"bm":0,"ix":1,"mn":"ADBE Vector Group","hd":false}]},"fFamily":"Arial Rounded MT Bold"},{"ch":"f","size":46,"style":"Regular","w":37.01,"data":{"shapes":[{"ty":"gr","it":[{"ind":0,"ty":"sh","ix":1,"ks":{"a":0,"k":{"i":[[0,-3.19],[-1.074,-0.895],[-1.986,0],[0,0],[0,0],[-1.254,-1.383],[-1.888,0],[-1.254,1.383],[0,2.637],[0,0],[0,0],[-1.351,0.586],[0,2.181],[5.078,0],[0,0],[0,0],[-0.684,1.416],[-2.409,0],[-1.27,-0.195],[-0.521,0],[-0.814,0.879],[0,1.237],[7.78,0],[2.522,-1.123],[1.057,-2.457],[0,-4.166],[0,0],[0,0]],"o":[[0,1.433],[1.074,0.896],[0,0],[0,0],[0,2.637],[1.253,1.383],[1.985,0],[1.253,-1.383],[0,0],[0,0],[2.376,0],[1.35,-0.586],[0,-3.059],[0,0],[0,0],[0,-2.637],[0.684,-1.416],[0.879,0],[1.27,0.195],[1.106,0],[0.813,-0.879],[0,-3.809],[-4.395,0],[-2.523,1.123],[-1.058,2.458],[0,0],[0,0],[-4.46,0]],"v":[[-0.879,-47.021],[0.732,-43.53],[5.322,-42.188],[8.984,-42.188],[8.984,-6.885],[10.864,-0.854],[15.576,1.221],[20.435,-0.854],[22.314,-6.885],[22.314,-42.188],[25.586,-42.188],[31.177,-43.066],[33.203,-47.217],[25.586,-51.807],[22.314,-51.807],[22.314,-54.98],[23.34,-61.06],[27.979,-63.184],[31.201,-62.891],[33.887,-62.598],[36.768,-63.916],[37.988,-67.09],[26.318,-72.803],[15.942,-71.118],[10.571,-65.747],[8.984,-55.811],[8.984,-51.807],[5.811,-51.807]],"c":true},"ix":2},"nm":"f","mn":"ADBE Vector Shape - Group","hd":false}],"nm":"f","np":3,"cix":2,"bm":0,"ix":1,"mn":"ADBE Vector Group","hd":false}]},"fFamily":"Arial Rounded MT Bold"},{"ch":"e","size":46,"style":"Regular","w":59.42,"data":{"shapes":[{"ty":"gr","it":[{"ind":0,"ty":"sh","ix":1,"ks":{"a":0,"k":{"i":[[-1.921,0.993],[0,3.353],[1.855,3.484],[3.727,2.197],[5.208,0],[3.288,-1.286],[2.246,-2.409],[1.172,-3.369],[0,-3.938],[-4.753,-4.883],[-8.562,0],[-2.881,0.977],[-1.904,1.482],[-0.945,1.611],[0,1.205],[0.846,0.749],[1.367,0],[0.684,-0.586],[1.041,-0.911],[1.237,-0.797],[1.318,-0.374],[1.595,0],[1.969,1.172],[1.188,2.312],[0.032,3.027],[0,0]],"o":[[1.92,-0.993],[0,-3.613],[-1.855,-3.483],[-3.728,-2.197],[-4.004,0],[-3.288,1.286],[-2.246,2.409],[-1.172,3.369],[0,8.366],[4.752,4.883],[3.743,0],[2.881,-0.977],[1.904,-1.481],[0.944,-1.611],[0,-1.367],[-0.847,-0.748],[-1.27,0],[-1.66,1.562],[-1.042,0.912],[-1.237,0.798],[-1.318,0.375],[-2.377,0],[-1.97,-1.172],[-1.189,-2.311],[0,0],[3.483,0]],"v":[[52.197,-24.097],[55.078,-30.615],[52.295,-41.26],[43.921,-49.78],[30.518,-53.076],[19.58,-51.147],[11.279,-45.605],[6.152,-36.938],[4.395,-25.977],[11.523,-6.104],[31.494,1.221],[41.431,-0.244],[48.608,-3.931],[52.881,-8.569],[54.297,-12.793],[53.027,-15.967],[49.707,-17.09],[46.777,-16.211],[42.725,-12.5],[39.307,-9.937],[35.474,-8.179],[31.104,-7.617],[24.585,-9.375],[19.849,-14.6],[18.018,-22.607],[44.092,-22.607]],"c":true},"ix":2},"nm":"e","mn":"ADBE Vector Shape - Group","hd":false},{"ind":1,"ty":"sh","ix":2,"ks":{"a":0,"k":{"i":[[-2.132,2.295],[-3.32,0],[-2.132,-2.262],[-0.326,-4.557],[0,0]],"o":[[2.132,-2.295],[3.483,0],[2.132,2.263],[0,0],[0.455,-4.492]],"v":[[21.899,-40.356],[30.078,-43.799],[38.501,-40.405],[42.188,-30.176],[18.018,-30.176]],"c":true},"ix":2},"nm":"e","mn":"ADBE Vector Shape - Group","hd":false}],"nm":"e","np":5,"cix":2,"bm":0,"ix":1,"mn":"ADBE Vector Group","hd":false}]},"fFamily":"Arial Rounded MT Bold"},{"ch":"s","size":46,"style":"Regular","w":54.2,"data":{"shapes":[{"ty":"gr","it":[{"ind":0,"ty":"sh","ix":1,"ks":{"a":0,"k":{"i":[[1.35,1.904],[2.62,1.4],[4.134,1.009],[1.985,0.586],[1.172,0.896],[0,1.4],[-1.595,1.025],[-2.409,0],[-1.367,-0.781],[-1.009,-1.302],[-0.961,-0.781],[-1.367,0],[-1.025,0.977],[0,1.53],[0.96,1.465],[1.839,1.205],[2.75,0.716],[3.45,0],[3.108,-1.416],[1.595,-2.376],[0,-2.669],[-1.726,-2.051],[-2.881,-1.253],[-4.59,-1.139],[-1.775,-1.074],[0,-2.344],[1.709,-1.188],[2.669,0],[1.904,1.172],[1.367,2.377],[0.748,0.684],[1.399,0],[1.041,-1.041],[0,-1.465],[-1.628,-2.197],[-3.418,-1.465],[-4.785,0],[-3.5,1.35],[-1.791,2.621],[0,3.679]],"o":[[-1.351,-1.904],[-2.621,-1.399],[-3.484,-0.846],[-1.986,-0.586],[-1.172,-0.895],[0,-1.53],[1.595,-1.025],[2.344,0],[1.367,0.781],[1.237,1.562],[0.96,0.781],[1.888,0],[1.025,-0.977],[0,-1.399],[-0.961,-1.465],[-1.839,-1.204],[-2.751,-0.716],[-4.395,0],[-3.109,1.416],[-1.595,2.377],[0,2.995],[1.725,2.051],[2.881,1.254],[4.069,0.977],[1.774,1.074],[0,1.53],[-1.709,1.189],[-3.288,0],[-1.904,-1.172],[-0.684,-1.237],[-0.749,-0.684],[-1.595,0],[-1.042,1.042],[0,2.214],[1.627,2.197],[3.418,1.465],[5.013,0],[3.499,-1.35],[1.79,-2.62],[0,-2.441]],"v":[[47.778,-22.729],[41.821,-27.686],[31.689,-31.299],[23.486,-33.447],[18.75,-35.669],[16.992,-39.111],[19.385,-42.944],[25.391,-44.482],[30.957,-43.311],[34.521,-40.186],[37.817,-36.67],[41.309,-35.498],[45.679,-36.963],[47.217,-40.723],[45.776,-45.02],[41.577,-49.023],[34.692,-51.904],[25.391,-52.979],[14.136,-50.854],[7.08,-45.166],[4.688,-37.598],[7.275,-30.029],[14.185,-25.073],[25.391,-21.484],[34.155,-18.408],[36.816,-13.281],[34.253,-9.204],[27.686,-7.422],[19.897,-9.18],[14.99,-14.502],[12.842,-17.383],[9.619,-18.408],[5.664,-16.846],[4.102,-13.086],[6.543,-6.47],[14.111,-0.977],[26.416,1.221],[39.185,-0.806],[47.119,-6.763],[49.805,-16.211]],"c":true},"ix":2},"nm":"s","mn":"ADBE Vector Shape - Group","hd":false}],"nm":"s","np":3,"cix":2,"bm":0,"ix":1,"mn":"ADBE Vector Group","hd":false}]},"fFamily":"Arial Rounded MT Bold"},{"ch":"l","size":46,"style":"Regular","w":27.1,"data":{"shapes":[{"ty":"gr","it":[{"ind":0,"ty":"sh","ix":1,"ks":{"a":0,"k":{"i":[[-1.221,-1.399],[-1.953,0],[-1.254,1.35],[0,2.702],[0,0],[1.237,1.351],[2.018,0],[1.188,-1.367],[0,-2.669],[0,0]],"o":[[1.221,1.399],[1.985,0],[1.253,-1.35],[0,0],[0,-2.702],[-1.237,-1.35],[-2.019,0],[-1.189,1.367],[0,0],[0,2.605]],"v":[[8.716,-0.879],[13.477,1.221],[18.335,-0.806],[20.215,-6.885],[20.215,-64.697],[18.359,-70.776],[13.477,-72.803],[8.667,-70.752],[6.885,-64.697],[6.885,-6.885]],"c":true},"ix":2},"nm":"l","mn":"ADBE Vector Shape - Group","hd":false}],"nm":"l","np":3,"cix":2,"bm":0,"ix":1,"mn":"ADBE Vector Group","hd":false}]},"fFamily":"Arial Rounded MT Bold"},{"ch":"T","size":46,"style":"Regular","w":62.5,"data":{"shapes":[{"ty":"gr","it":[{"ind":0,"ty":"sh","ix":1,"ks":{"a":0,"k":{"i":[[-1.237,1.091],[0,1.791],[1.221,1.107],[2.506,0],[0,0],[1.253,-1.074],[0,-1.855],[-1.205,-1.09],[-2.474,0],[0,0],[0,0],[-1.351,-1.465],[-2.148,0],[-1.335,1.448],[0,2.995],[0,0],[0,0]],"o":[[1.237,-1.09],[0,-1.79],[-1.221,-1.106],[0,0],[-2.377,0],[-1.254,1.074],[0,1.791],[1.204,1.091],[0,0],[0,0],[0,2.962],[1.35,1.465],[2.116,0],[1.334,-1.448],[0,0],[0,0],[2.473,0]],"v":[[59.863,-61.255],[61.719,-65.576],[59.888,-69.922],[54.297,-71.582],[8.203,-71.582],[2.759,-69.971],[0.879,-65.576],[2.686,-61.255],[8.203,-59.619],[24.023,-59.619],[24.023,-7.617],[26.05,-0.977],[31.299,1.221],[36.475,-0.952],[38.477,-7.617],[38.477,-59.619],[54.297,-59.619]],"c":true},"ix":2},"nm":"T","mn":"ADBE Vector Shape - Group","hd":false}],"nm":"T","np":3,"cix":2,"bm":0,"ix":1,"mn":"ADBE Vector Group","hd":false}]},"fFamily":"Arial Rounded MT Bold"},{"ch":"m","size":46,"style":"Regular","w":88.48,"data":{"shapes":[{"ty":"gr","it":[{"ind":0,"ty":"sh","ix":1,"ks":{"a":0,"k":{"i":[[-0.977,2.246],[-1.579,1.042],[-1.758,0],[-1.074,-1.172],[-0.244,-1.725],[0,-2.864],[0,0],[-1.286,-1.416],[-2.019,0],[-1.27,1.399],[0,2.8],[0,0],[1.139,2.409],[2.637,1.433],[3.645,0],[2.571,-1.318],[2.246,-2.734],[2.409,1.335],[3.352,0],[2.637,-1.302],[2.311,-2.766],[0,0],[1.221,1.221],[1.823,0],[1.155,-1.302],[0,-2.506],[0,0],[-1.286,-1.416],[-2.019,0],[-1.254,1.416],[0,2.767],[0,0],[-1.384,2.995],[-4.362,0],[-1.009,-1.188],[-0.228,-1.855],[0,-3.352],[0,0],[-1.254,-1.399],[-2.019,0],[-1.27,1.399],[0,2.8],[0,0]],"o":[[0.879,-1.758],[1.579,-1.041],[2.18,0],[1.074,1.172],[0.244,1.726],[0,0],[0,2.767],[1.286,1.416],[2.083,0],[1.27,-1.399],[0,0],[0,-5.176],[-1.302,-2.669],[-2.637,-1.432],[-3.125,0],[-2.572,1.318],[-1.562,-2.702],[-2.409,-1.334],[-3.223,0],[-2.637,1.302],[0,0],[0,-2.148],[-1.221,-1.221],[-1.888,0],[-1.156,1.302],[0,0],[0,2.767],[1.286,1.416],[2.051,0],[1.253,-1.416],[0,0],[0,-5.598],[1.383,-2.995],[2.18,0],[1.009,1.189],[0.227,1.855],[0,0],[0,2.8],[1.253,1.399],[2.083,0],[1.27,-1.399],[0,0],[0,-5.696]],"v":[[52.686,-36.816],[56.372,-41.016],[61.377,-42.578],[66.26,-40.82],[68.237,-36.475],[68.604,-29.59],[68.604,-7.178],[70.532,-0.903],[75.488,1.221],[80.518,-0.879],[82.422,-7.178],[82.422,-33.203],[80.713,-44.58],[74.805,-50.732],[65.381,-52.881],[56.836,-50.903],[49.609,-44.824],[43.652,-50.879],[35.01,-52.881],[26.221,-50.928],[18.799,-44.824],[18.799,-46.094],[16.968,-51.147],[12.402,-52.979],[7.837,-51.025],[6.104,-45.312],[6.104,-7.178],[8.032,-0.903],[12.988,1.221],[17.944,-0.903],[19.824,-7.178],[19.824,-25.195],[21.899,-38.086],[30.518,-42.578],[35.303,-40.796],[37.158,-36.23],[37.5,-28.418],[37.5,-7.178],[39.38,-0.879],[44.287,1.221],[49.316,-0.879],[51.221,-7.178],[51.221,-24.902]],"c":true},"ix":2},"nm":"m","mn":"ADBE Vector Shape - Group","hd":false}],"nm":"m","np":3,"cix":2,"bm":0,"ix":1,"mn":"ADBE Vector Group","hd":false}]},"fFamily":"Arial Rounded MT Bold"},{"ch":"S","size":46,"style":"Regular","w":66.7,"data":{"shapes":[{"ty":"gr","it":[{"ind":0,"ty":"sh","ix":1,"ks":{"a":0,"k":{"i":[[1.286,2.49],[2.295,1.628],[3.271,1.14],[4.036,0.945],[1.399,0.423],[1.367,0.749],[0.781,1.042],[0,1.433],[-2.295,1.644],[-3.744,0],[-1.823,-1.514],[-1.302,-2.702],[-0.863,-0.83],[-1.66,0],[-1.221,1.384],[0,1.726],[0.977,1.986],[2.116,1.807],[3.206,1.091],[4.395,0],[4.069,-1.643],[2.148,-3.059],[0,-3.938],[-2.035,-2.783],[-3.467,-1.611],[-5.144,-1.204],[-2.295,-0.781],[-1.449,-1.481],[0,-2.376],[2.686,-2.002],[4.297,0],[1.92,0.993],[1.057,1.53],[0.911,2.279],[1.057,0.977],[1.53,0],[1.221,-1.253],[0,-1.758],[-2.035,-3.206],[-3.255,-1.92],[-7.064,0],[-4.297,1.953],[-2.23,3.451],[0,4.33]],"o":[[-1.286,-2.49],[-2.295,-1.627],[-3.271,-1.139],[-3.223,-0.813],[-1.4,-0.423],[-1.367,-0.748],[-0.781,-1.041],[0,-2.311],[2.295,-1.643],[4.036,0],[1.823,1.514],[1.009,1.888],[0.862,0.83],[1.823,0],[1.221,-1.383],[0,-1.888],[-0.977,-1.985],[-2.116,-1.807],[-3.207,-1.09],[-5.502,0],[-4.07,1.644],[-2.148,3.06],[0,4.134],[2.034,2.783],[3.467,1.611],[3.841,0.879],[2.295,0.781],[1.448,1.482],[0,2.995],[-2.686,2.002],[-3.125,0],[-1.921,-0.993],[-1.058,-1.53],[-0.749,-1.92],[-1.058,-0.977],[-1.888,0],[-1.221,1.254],[0,3.027],[2.034,3.207],[4.59,2.67],[5.891,0],[4.297,-1.953],[2.229,-3.45],[0,-3.613]],"v":[[60.278,-30.64],[54.907,-36.816],[46.558,-40.967],[35.596,-44.092],[28.662,-45.947],[24.512,-47.705],[21.289,-50.391],[20.117,-54.102],[23.56,-60.034],[32.617,-62.5],[41.406,-60.229],[46.094,-53.906],[48.901,-49.829],[52.686,-48.584],[57.251,-50.659],[59.082,-55.322],[57.617,-61.133],[52.979,-66.821],[44.995,-71.167],[33.594,-72.803],[19.238,-70.337],[9.912,-63.281],[6.689,-52.783],[9.741,-42.407],[17.993,-35.815],[30.908,-31.592],[40.112,-29.102],[45.728,-25.708],[47.9,-19.922],[43.872,-12.427],[33.398,-9.424],[25.83,-10.913],[21.362,-14.697],[18.408,-20.41],[15.698,-24.756],[11.816,-26.221],[7.153,-24.341],[5.322,-19.824],[8.374,-10.474],[16.309,-2.783],[33.789,1.221],[49.072,-1.709],[58.862,-9.814],[62.207,-21.484]],"c":true},"ix":2},"nm":"S","mn":"ADBE Vector Shape - Group","hd":false}],"nm":"S","np":3,"cix":2,"bm":0,"ix":1,"mn":"ADBE Vector Group","hd":false}]},"fFamily":"Arial Rounded MT Bold"},{"ch":"y","size":46,"style":"Regular","w":54.2,"data":{"shapes":[{"ty":"gr","it":[{"ind":0,"ty":"sh","ix":1,"ks":{"a":0,"k":{"i":[[0.7,-1.123],[0.879,-0.456],[1.53,0],[0.846,0.195],[0.716,0],[0.928,-0.83],[0,-1.53],[-1.953,-0.847],[-3.906,0],[-2.361,1.221],[-1.433,2.278],[-1.498,4.004],[0,0],[-0.293,1.14],[-0.13,0.619],[0.504,0.912],[0.928,0.537],[1.009,0],[0.764,-0.488],[0.684,-1.399],[0.846,-2.473],[0,0],[0,0],[0.977,1.221],[1.92,0],[1.025,-0.586],[0.586,-0.977],[0,-1.139],[-1.009,-2.376],[0,0],[0,0]],"o":[[-0.7,1.123],[-0.879,0.455],[-0.619,0],[-0.684,-0.195],[-1.823,0],[-0.928,0.83],[0,2.246],[1.953,0.846],[4.004,0],[2.36,-1.221],[1.432,-2.279],[0,0],[0.423,-1.172],[0.293,-1.139],[0,-1.009],[-0.505,-0.911],[-0.928,-0.537],[-1.4,0],[-0.765,0.488],[-0.684,1.4],[0,0],[0,0],[-0.749,-2.278],[-0.977,-1.221],[-1.107,0],[-1.025,0.586],[-0.586,0.977],[0,1.074],[0,0],[0,0],[-0.912,2.18]],"v":[[16.772,7.837],[14.404,10.205],[10.791,10.889],[8.594,10.596],[6.494,10.303],[2.368,11.548],[0.977,15.088],[3.906,19.727],[12.695,20.996],[22.241,19.165],[27.93,13.916],[32.324,4.492],[49.707,-41.016],[50.781,-44.482],[51.416,-47.119],[50.659,-50],[48.511,-52.173],[45.605,-52.979],[42.358,-52.246],[40.186,-49.414],[37.891,-43.604],[27.197,-13.086],[15.918,-45.898],[13.33,-51.147],[8.984,-52.979],[5.786,-52.1],[3.369,-49.756],[2.49,-46.582],[4.004,-41.406],[20.41,-0.098],[19.189,2.881]],"c":true},"ix":2},"nm":"y","mn":"ADBE Vector Shape - Group","hd":false}],"nm":"y","np":3,"cix":2,"bm":0,"ix":1,"mn":"ADBE Vector Group","hd":false}]},"fFamily":"Arial Rounded MT Bold"}]}