{"v":"5.12.1","fr":25,"ip":0,"op":125,"w":400,"h":105,"nm":"Comp 1","ddd":0,"assets":[],"fonts":{"list":[{"fName":"ArialRoundedMTBold","fFamily":"Arial Rounded MT Bold","fStyle":"Regular","ascent":74.0203857421875}]},"layers":[{"ddd":0,"ind":1,"ty":4,"nm":"Shape Layer 1","td":1,"sr":1,"ks":{"o":{"a":0,"k":100,"ix":11},"r":{"a":0,"k":0,"ix":10},"p":{"a":1,"k":[{"i":{"x":0.833,"y":0.833},"o":{"x":0.167,"y":0.167},"t":0,"s":[-873,79.5,0],"to":[0,0,0],"ti":[0,0,0]},{"t":62,"s":[322,79.5,0]}],"ix":2,"l":2},"a":{"a":0,"k":[0,0,0],"ix":1,"l":2},"s":{"a":0,"k":[136.923,100,100],"ix":6,"l":2}},"ao":0,"shapes":[{"ty":"gr","it":[{"ty":"rc","d":1,"s":{"a":0,"k":[1000,81],"ix":2},"p":{"a":0,"k":[0,0],"ix":3},"r":{"a":0,"k":0,"ix":4},"nm":"Rectangle Path 1","mn":"ADBE Vector Shape - Rect","hd":false},{"ty":"gf","o":{"a":0,"k":100,"ix":10},"r":1,"bm":0,"g":{"p":2,"k":{"a":0,"k":[0,1,1,1,1,0,0,0],"ix":9}},"s":{"a":0,"k":[0,0],"ix":5},"e":{"a":0,"k":[187,0],"ix":6},"t":1,"nm":"Gradient Fill 1","mn":"ADBE Vector Graphic - G-Fill","hd":false},{"ty":"tr","p":{"a":0,"k":[215,-22],"ix":2},"a":{"a":0,"k":[0,0],"ix":1},"s":{"a":0,"k":[100,100],"ix":3},"r":{"a":0,"k":0,"ix":6},"o":{"a":0,"k":100,"ix":7},"sk":{"a":0,"k":0,"ix":4},"sa":{"a":0,"k":0,"ix":5},"nm":"Transform"}],"nm":"Rectangle 1","np":3,"cix":2,"bm":0,"ix":1,"mn":"ADBE Vector Group","hd":false}],"ip":0,"op":375,"st":0,"ct":1,"bm":0},{"ddd":0,"ind":2,"ty":5,"nm":"Get In Touch","tt":3,"tp":1,"sr":1,"ks":{"o":{"a":0,"k":100,"ix":11},"r":{"a":0,"k":0,"ix":10},"p":{"a":0,"k":[200,74.69,0],"ix":2,"l":2},"a":{"a":0,"k":[0,0,0],"ix":1,"l":2},"s":{"a":0,"k":[100,100,100],"ix":6,"l":2}},"ao":0,"t":{"d":{"k":[{"s":{"s":62,"f":"ArialRoundedMTBold","t":"Get In Touch","ca":0,"j":2,"tr":0,"lh":74.4000015258789,"ls":0,"fc":[0.922,0.922,0.922]},"t":0}]},"p":{},"m":{"g":1,"a":{"a":0,"k":[0,0],"ix":2}},"a":[]},"ip":0,"op":375,"st":0,"ct":1,"bm":0}],"markers":[],"props":{},"chars":[{"ch":"G","size":62,"style":"Regular","w":77.88,"data":{"shapes":[{"ty":"gr","it":[{"ind":0,"ty":"sh","ix":1,"ks":{"a":0,"k":{"i":[[0.862,1.237],[1.399,0.359],[2.018,0],[0,0],[1.155,-1.041],[0,-1.595],[-1.384,-0.813],[-2.702,0],[0,0],[0,0],[2.946,-0.879],[3.352,0],[3.857,4.525],[0,8.398],[-0.993,3.191],[-1.872,2.197],[-2.637,1.156],[-3.353,0],[-2.1,-0.977],[-1.237,-1.432],[-1.791,-2.799],[-0.961,-0.488],[-1.042,0],[-1.351,1.286],[0,1.823],[1.172,2.181],[2.311,1.953],[3.711,1.286],[4.817,0],[4.622,-1.709],[3.223,-3.223],[1.66,-4.622],[0,-5.566],[-1.709,-4.59],[-3.191,-3.223],[-4.525,-1.692],[-5.502,0],[-4.004,1.074],[-4.33,2.344],[-0.961,0.879],[-0.359,1.091],[0,1.823],[0,0]],"o":[[-0.863,-1.237],[-1.4,-0.358],[0,0],[-1.986,0],[-1.156,1.042],[0,1.953],[1.383,0.814],[0,0],[0,0],[-3.027,1.628],[-2.946,0.879],[-6.902,0],[-3.857,-4.524],[0,-3.873],[0.993,-3.19],[1.871,-2.197],[2.637,-1.155],[3.255,0],[2.1,0.977],[1.237,1.433],[0.651,0.879],[0.96,0.488],[1.888,0],[1.35,-1.286],[0,-1.692],[-1.172,-2.18],[-2.312,-1.953],[-3.711,-1.286],[-5.859,0],[-4.623,1.709],[-3.223,3.223],[-1.66,4.623],[0,5.664],[1.709,4.59],[3.19,3.223],[4.524,1.692],[4.72,0],[4.004,-1.074],[1.497,-0.813],[0.96,-0.879],[0.358,-1.09],[0,0],[0,-2.473]],"v":[[71.899,-34.668],[68.506,-37.061],[63.379,-37.598],[46.924,-37.598],[42.212,-36.035],[40.479,-32.08],[42.554,-27.93],[48.682,-26.709],[59.912,-26.709],[59.912,-15.088],[50.952,-11.328],[41.504,-10.01],[25.366,-16.797],[19.58,-36.182],[21.069,-46.777],[25.366,-54.858],[32.129,-59.888],[41.113,-61.621],[49.146,-60.156],[54.15,-56.543],[58.691,-50.195],[61.108,-48.145],[64.111,-47.412],[68.97,-49.341],[70.996,-54.004],[69.238,-59.814],[64.014,-66.016],[54.98,-70.874],[42.188,-72.803],[26.465,-70.239],[14.697,-62.842],[7.373,-51.074],[4.883,-35.791],[7.446,-20.41],[14.795,-8.691],[26.367,-1.318],[41.406,1.221],[54.492,-0.391],[66.992,-5.518],[70.679,-8.057],[72.656,-11.011],[73.193,-15.381],[73.193,-29.102]],"c":true},"ix":2},"nm":"G","mn":"ADBE Vector Shape - Group","hd":false}],"nm":"G","np":3,"cix":2,"bm":0,"ix":1,"mn":"ADBE Vector Group","hd":false}]},"fFamily":"Arial Rounded MT Bold"},{"ch":"e","size":62,"style":"Regular","w":59.42,"data":{"shapes":[{"ty":"gr","it":[{"ind":0,"ty":"sh","ix":1,"ks":{"a":0,"k":{"i":[[-1.921,0.993],[0,3.353],[1.855,3.484],[3.727,2.197],[5.208,0],[3.288,-1.286],[2.246,-2.409],[1.172,-3.369],[0,-3.938],[-4.753,-4.883],[-8.562,0],[-2.881,0.977],[-1.904,1.482],[-0.945,1.611],[0,1.205],[0.846,0.749],[1.367,0],[0.684,-0.586],[1.041,-0.911],[1.237,-0.797],[1.318,-0.374],[1.595,0],[1.969,1.172],[1.188,2.312],[0.032,3.027],[0,0]],"o":[[1.92,-0.993],[0,-3.613],[-1.855,-3.483],[-3.728,-2.197],[-4.004,0],[-3.288,1.286],[-2.246,2.409],[-1.172,3.369],[0,8.366],[4.752,4.883],[3.743,0],[2.881,-0.977],[1.904,-1.481],[0.944,-1.611],[0,-1.367],[-0.847,-0.748],[-1.27,0],[-1.66,1.562],[-1.042,0.912],[-1.237,0.798],[-1.318,0.375],[-2.377,0],[-1.97,-1.172],[-1.189,-2.311],[0,0],[3.483,0]],"v":[[52.197,-24.097],[55.078,-30.615],[52.295,-41.26],[43.921,-49.78],[30.518,-53.076],[19.58,-51.147],[11.279,-45.605],[6.152,-36.938],[4.395,-25.977],[11.523,-6.104],[31.494,1.221],[41.431,-0.244],[48.608,-3.931],[52.881,-8.569],[54.297,-12.793],[53.027,-15.967],[49.707,-17.09],[46.777,-16.211],[42.725,-12.5],[39.307,-9.937],[35.474,-8.179],[31.104,-7.617],[24.585,-9.375],[19.849,-14.6],[18.018,-22.607],[44.092,-22.607]],"c":true},"ix":2},"nm":"e","mn":"ADBE Vector Shape - Group","hd":false},{"ind":1,"ty":"sh","ix":2,"ks":{"a":0,"k":{"i":[[-2.132,2.295],[-3.32,0],[-2.132,-2.262],[-0.326,-4.557],[0,0]],"o":[[2.132,-2.295],[3.483,0],[2.132,2.263],[0,0],[0.455,-4.492]],"v":[[21.899,-40.356],[30.078,-43.799],[38.501,-40.405],[42.188,-30.176],[18.018,-30.176]],"c":true},"ix":2},"nm":"e","mn":"ADBE Vector Shape - Group","hd":false}],"nm":"e","np":5,"cix":2,"bm":0,"ix":1,"mn":"ADBE Vector Group","hd":false}]},"fFamily":"Arial Rounded MT Bold"},{"ch":"t","size":62,"style":"Regular","w":35.4,"data":{"shapes":[{"ty":"gr","it":[{"ind":0,"ty":"sh","ix":1,"ks":{"a":0,"k":{"i":[[1.057,-0.895],[0,-1.399],[-1.009,-0.911],[-1.921,0],[0,0],[0,0],[-0.668,-2.473],[-2.148,-1.399],[-4.167,0],[-2.344,1.139],[0,2.148],[0.862,0.863],[1.074,0],[1.334,-0.276],[0.781,0],[0.635,0.7],[0.146,1.123],[0,2.084],[0,0],[0,0],[-1.416,0.716],[0,1.791],[0.993,0.896],[1.888,0],[0,0],[0,0],[0.244,1.221],[0.911,0.847],[1.692,0],[0.977,-0.569],[0.52,-0.911],[0.114,-1.221],[0,-2.148],[0,0],[0,0]],"o":[[-1.058,0.896],[0,1.4],[1.009,0.912],[0,0],[0,0],[0,4.134],[0.667,2.474],[2.148,1.399],[4.395,0],[2.344,-1.139],[0,-1.27],[-0.863,-0.862],[-0.749,0],[-1.335,0.277],[-1.433,0],[-0.635,-0.7],[-0.146,-1.123],[0,0],[0,0],[2.637,0],[1.416,-0.716],[0,-1.399],[-0.993,-0.895],[0,0],[0,0],[0,-2.246],[-0.244,-1.221],[-1.367,-1.27],[-1.205,0],[-0.977,0.57],[-0.521,0.879],[-0.114,1.221],[0,0],[0,0],[-2.019,0]],"v":[[3.003,-50.464],[1.416,-47.021],[2.93,-43.555],[7.324,-42.188],[9.082,-42.188],[9.082,-16.602],[10.083,-6.689],[14.307,-0.879],[23.779,1.221],[33.887,-0.488],[37.402,-5.42],[36.108,-8.618],[33.203,-9.912],[30.078,-9.497],[26.904,-9.082],[23.804,-10.132],[22.632,-12.866],[22.412,-17.676],[22.412,-42.188],[24.902,-42.188],[30.981,-43.262],[33.105,-47.021],[31.616,-50.464],[27.295,-51.807],[22.412,-51.807],[22.412,-60.889],[22.046,-66.089],[20.312,-69.189],[15.723,-71.094],[12.451,-70.239],[10.205,-68.018],[9.253,-64.868],[9.082,-59.814],[9.082,-51.807],[7.617,-51.807]],"c":true},"ix":2},"nm":"t","mn":"ADBE Vector Shape - Group","hd":false}],"nm":"t","np":3,"cix":2,"bm":0,"ix":1,"mn":"ADBE Vector Group","hd":false}]},"fFamily":"Arial Rounded MT Bold"},{"ch":" ","size":62,"style":"Regular","w":25,"data":{},"fFamily":"Arial Rounded MT Bold"},{"ch":"I","size":62,"style":"Regular","w":31.3,"data":{"shapes":[{"ty":"gr","it":[{"ind":0,"ty":"sh","ix":1,"ks":{"a":0,"k":{"i":[[-1.351,-1.481],[-2.084,0],[-1.351,1.465],[0,2.962],[0,0],[1.35,1.449],[2.18,0],[1.334,-1.465],[0,-2.93],[0,0]],"o":[[1.35,1.481],[2.18,0],[1.35,-1.465],[0,0],[0,-2.962],[-1.351,-1.448],[-2.116,0],[-1.335,1.465],[0,0],[0,2.93]],"v":[[10.425,-1.001],[15.576,1.221],[20.874,-0.977],[22.9,-7.617],[22.9,-64.014],[20.874,-70.63],[15.576,-72.803],[10.4,-70.605],[8.398,-64.014],[8.398,-7.617]],"c":true},"ix":2},"nm":"I","mn":"ADBE Vector Shape - Group","hd":false}],"nm":"I","np":3,"cix":2,"bm":0,"ix":1,"mn":"ADBE Vector Group","hd":false}]},"fFamily":"Arial Rounded MT Bold"},{"ch":"n","size":62,"style":"Regular","w":60.4,"data":{"shapes":[{"ty":"gr","it":[{"ind":0,"ty":"sh","ix":1,"ks":{"a":0,"k":{"i":[[0.569,1.107],[0.944,0.554],[1.172,0],[1.106,-1.253],[0,-2.539],[0,0],[-1.237,-1.399],[-1.921,0],[-1.254,1.35],[0,2.702],[0,0],[-0.652,1.986],[-1.953,1.416],[-2.377,0],[-1.221,-2.327],[0,-4.395],[0,0],[-1.237,-1.399],[-1.986,0],[-1.221,1.367],[0,2.67],[0,0],[0.26,1.888],[0.879,1.628],[2.766,1.53],[3.516,0],[2.783,-1.448],[2.344,-3.092],[0,0]],"o":[[-0.57,-1.106],[-0.945,-0.553],[-1.921,0],[-1.107,1.254],[0,0],[0,2.605],[1.237,1.399],[1.985,0],[1.253,-1.35],[0,0],[0,-5.436],[0.911,-2.473],[1.953,-1.416],[3.645,0],[1.221,2.328],[0,0],[0,2.605],[1.237,1.399],[1.953,0],[1.221,-1.367],[0,0],[0,-2.93],[-0.261,-1.888],[-1.367,-2.799],[-2.767,-1.53],[-3.613,0],[-2.783,1.449],[0,0],[0,-1.595]],"v":[[18.14,-49.658],[15.869,-52.148],[12.695,-52.979],[8.154,-51.099],[6.494,-45.41],[6.494,-6.885],[8.35,-0.879],[13.086,1.221],[17.944,-0.806],[19.824,-6.885],[19.824,-23.584],[20.801,-34.717],[25.098,-40.552],[31.592,-42.676],[38.892,-39.185],[40.723,-29.102],[40.723,-6.885],[42.578,-0.879],[47.412,1.221],[52.173,-0.83],[54.004,-6.885],[54.004,-31.689],[53.613,-38.916],[51.904,-44.189],[45.703,-50.684],[36.279,-52.979],[26.685,-50.806],[18.994,-43.994],[18.994,-45.605]],"c":true},"ix":2},"nm":"n","mn":"ADBE Vector Shape - Group","hd":false}],"nm":"n","np":3,"cix":2,"bm":0,"ix":1,"mn":"ADBE Vector Group","hd":false}]},"fFamily":"Arial Rounded MT Bold"},{"ch":"T","size":62,"style":"Regular","w":62.5,"data":{"shapes":[{"ty":"gr","it":[{"ind":0,"ty":"sh","ix":1,"ks":{"a":0,"k":{"i":[[-1.237,1.091],[0,1.791],[1.221,1.107],[2.506,0],[0,0],[1.253,-1.074],[0,-1.855],[-1.205,-1.09],[-2.474,0],[0,0],[0,0],[-1.351,-1.465],[-2.148,0],[-1.335,1.448],[0,2.995],[0,0],[0,0]],"o":[[1.237,-1.09],[0,-1.79],[-1.221,-1.106],[0,0],[-2.377,0],[-1.254,1.074],[0,1.791],[1.204,1.091],[0,0],[0,0],[0,2.962],[1.35,1.465],[2.116,0],[1.334,-1.448],[0,0],[0,0],[2.473,0]],"v":[[59.863,-61.255],[61.719,-65.576],[59.888,-69.922],[54.297,-71.582],[8.203,-71.582],[2.759,-69.971],[0.879,-65.576],[2.686,-61.255],[8.203,-59.619],[24.023,-59.619],[24.023,-7.617],[26.05,-0.977],[31.299,1.221],[36.475,-0.952],[38.477,-7.617],[38.477,-59.619],[54.297,-59.619]],"c":true},"ix":2},"nm":"T","mn":"ADBE Vector Shape - Group","hd":false}],"nm":"T","np":3,"cix":2,"bm":0,"ix":1,"mn":"ADBE Vector Group","hd":false}]},"fFamily":"Arial Rounded MT Bold"},{"ch":"o","size":62,"style":"Regular","w":60.4,"data":{"shapes":[{"ty":"gr","it":[{"ind":0,"ty":"sh","ix":1,"ks":{"a":0,"k":{"i":[[1.221,3.32],[2.344,2.409],[3.288,1.302],[4.036,0],[3.288,-1.286],[2.311,-2.376],[1.237,-3.352],[0,-4.036],[-1.221,-3.304],[-2.361,-2.425],[-3.223,-1.302],[-4.037,0],[-3.255,1.286],[-2.344,2.409],[-1.237,3.353],[0,3.972]],"o":[[-1.221,-3.32],[-2.344,-2.409],[-3.288,-1.302],[-3.972,0],[-3.288,1.286],[-2.312,2.377],[-1.237,3.353],[0,4.004],[1.221,3.304],[2.36,2.425],[3.223,1.302],[4.069,0],[3.255,-1.286],[2.344,-2.409],[1.237,-3.352],[0,-4.004]],"v":[[54.956,-36.865],[49.609,-45.459],[41.162,-51.025],[30.176,-52.979],[19.287,-51.05],[10.889,-45.557],[5.566,-36.963],[3.711,-25.879],[5.542,-14.917],[10.913,-6.323],[19.287,-0.732],[30.176,1.221],[41.162,-0.708],[49.561,-6.25],[54.932,-14.893],[56.787,-25.879]],"c":true},"ix":2},"nm":"o","mn":"ADBE Vector Shape - Group","hd":false},{"ind":1,"ty":"sh","ix":2,"ks":{"a":0,"k":{"i":[[2.393,-3.043],[4.036,0],[1.969,1.384],[1.057,2.605],[0,3.484],[-1.074,2.637],[-1.986,1.351],[-2.605,0],[-2.393,-3.027],[0,-5.436]],"o":[[-2.393,3.044],[-2.67,0],[-1.97,-1.383],[-1.058,-2.604],[0,-3.516],[1.074,-2.637],[1.985,-1.35],[4.036,0],[2.393,3.027],[0,5.371]],"v":[[39.819,-13.257],[30.176,-8.691],[23.218,-10.767],[18.677,-16.748],[17.09,-25.879],[18.701,-35.107],[23.291,-41.089],[30.176,-43.115],[39.819,-38.574],[43.408,-25.879]],"c":true},"ix":2},"nm":"o","mn":"ADBE Vector Shape - Group","hd":false}],"nm":"o","np":5,"cix":2,"bm":0,"ix":1,"mn":"ADBE Vector Group","hd":false}]},"fFamily":"Arial Rounded MT Bold"},{"ch":"u","size":62,"style":"Regular","w":60.4,"data":{"shapes":[{"ty":"gr","it":[{"ind":0,"ty":"sh","ix":1,"ks":{"a":0,"k":{"i":[[-1.189,-1.318],[-1.823,0],[-1.156,1.27],[0,2.539],[0,0],[1.204,1.318],[1.985,0],[1.237,-1.334],[0,-2.637],[0,0],[0.748,-1.888],[1.985,-1.334],[2.246,0],[1.35,1.189],[0.52,2.1],[0,3.093],[0,0],[1.237,1.335],[2.018,0],[1.204,-1.318],[0,-2.669],[0,0],[-1.66,-2.832],[-2.556,-1.334],[-3.223,0],[-2.084,0.667],[-1.758,1.367],[-1.595,2.019],[0,0]],"o":[[1.188,1.318],[1.823,0],[1.155,-1.27],[0,0],[0,-2.669],[-1.205,-1.318],[-1.986,0],[-1.237,1.335],[0,0],[0,6.38],[-0.912,2.148],[-1.986,1.335],[-2.312,0],[-1.351,-1.188],[-0.521,-2.1],[0,0],[0,-2.637],[-1.237,-1.334],[-1.986,0],[-1.205,1.318],[0,0],[0,5.306],[1.399,2.344],[2.555,1.334],[2.669,0],[2.083,-0.667],[1.758,-1.367],[0,0],[0,2.377]],"v":[[43.286,-0.757],[47.803,1.221],[52.271,-0.684],[54.004,-6.396],[54.004,-45.02],[52.197,-51.001],[47.412,-52.979],[42.578,-50.977],[40.723,-45.02],[40.723,-28.809],[39.6,-16.406],[35.254,-11.182],[28.906,-9.18],[23.413,-10.962],[20.605,-15.894],[19.824,-23.682],[19.824,-45.02],[17.969,-50.977],[13.086,-52.979],[8.301,-51.001],[6.494,-45.02],[6.494,-18.604],[8.984,-6.396],[14.917,-0.879],[23.584,1.123],[30.713,0.122],[36.475,-2.93],[41.504,-8.008],[41.504,-6.299]],"c":true},"ix":2},"nm":"u","mn":"ADBE Vector Shape - Group","hd":false}],"nm":"u","np":3,"cix":2,"bm":0,"ix":1,"mn":"ADBE Vector Group","hd":false}]},"fFamily":"Arial Rounded MT Bold"},{"ch":"c","size":62,"style":"Regular","w":59.42,"data":{"shapes":[{"ty":"gr","it":[{"ind":0,"ty":"sh","ix":1,"ks":{"a":0,"k":{"i":[[1.074,1.237],[1.627,0],[0.944,-0.846],[0.813,-1.497],[1.904,-1.237],[2.669,0],[1.66,0.765],[1.172,1.482],[0.618,2.1],[0,2.507],[-2.409,3.076],[-3.939,0],[-1.775,-1.237],[-1.628,-2.473],[-0.732,-0.569],[-1.107,0],[-1.189,1.107],[0,1.595],[1.057,1.807],[2.002,1.595],[2.881,1.009],[3.45,0],[4.004,-2.295],[2.116,-4.199],[0,-5.469],[-4.623,-4.801],[-8.236,0],[-3.093,1.041],[-2.035,1.709],[-0.993,1.888],[0,1.66]],"o":[[-1.074,-1.237],[-1.367,0],[-0.945,0.847],[-1.465,2.539],[-1.904,1.237],[-1.986,0],[-1.66,-0.764],[-1.172,-1.481],[-0.619,-2.1],[0,-5.338],[2.409,-3.076],[2.734,0],[1.774,1.237],[0.911,1.27],[0.732,0.57],[1.692,0],[1.188,-1.106],[0,-1.562],[-1.058,-1.807],[-2.002,-1.595],[-2.881,-1.009],[-5.566,0],[-4.004,2.295],[-2.116,4.199],[0,8.073],[4.622,4.802],[3.873,0],[3.092,-1.041],[2.034,-1.709],[0.993,-1.888],[0,-1.399]],"v":[[53.076,-19.238],[49.023,-21.094],[45.557,-19.824],[42.92,-16.309],[37.866,-10.645],[31.006,-8.789],[25.537,-9.937],[21.289,-13.306],[18.604,-18.677],[17.676,-25.586],[21.289,-38.208],[30.811,-42.822],[37.573,-40.967],[42.676,-35.4],[45.142,-32.642],[47.9,-31.787],[52.222,-33.447],[54.004,-37.5],[52.417,-42.554],[47.827,-47.656],[40.503,-51.562],[31.006,-53.076],[16.65,-49.634],[7.471,-39.893],[4.297,-25.391],[11.23,-6.079],[30.518,1.123],[40.967,-0.439],[48.657,-4.565],[53.198,-9.961],[54.688,-15.283]],"c":true},"ix":2},"nm":"c","mn":"ADBE Vector Shape - Group","hd":false}],"nm":"c","np":3,"cix":2,"bm":0,"ix":1,"mn":"ADBE Vector Group","hd":false}]},"fFamily":"Arial Rounded MT Bold"},{"ch":"h","size":62,"style":"Regular","w":60.4,"data":{"shapes":[{"ty":"gr","it":[{"ind":0,"ty":"sh","ix":1,"ks":{"a":0,"k":{"i":[[1.188,1.367],[2.116,0],[1.155,-1.35],[0,-2.702],[0,0],[-4.395,0],[-1.189,1.383],[0,2.637],[0,0],[-0.716,1.986],[-1.904,1.351],[-2.377,0],[-1.27,-2.295],[0,-4.264],[0,0],[-4.395,0],[-1.221,1.367],[0,2.67],[0,0],[0.325,1.97],[0.944,1.595],[2.62,1.433],[3.385,0],[1.953,-0.569],[1.611,-1.139],[1.692,-1.953],[0,0]],"o":[[-1.189,-1.367],[-2.084,0],[-1.156,1.351],[0,0],[0,5.404],[2.116,0],[1.188,-1.383],[0,0],[0,-5.078],[0.944,-2.344],[1.904,-1.35],[3.548,0],[1.27,2.295],[0,0],[0,5.404],[2.018,0],[1.221,-1.367],[0,0],[0,-2.571],[-0.326,-1.969],[-1.498,-2.734],[-2.621,-1.432],[-2.246,0],[-1.953,0.57],[-1.611,1.14],[0,0],[0,-2.669]],"v":[[18.14,-70.752],[13.184,-72.803],[8.325,-70.776],[6.592,-64.697],[6.592,-6.885],[13.184,1.221],[18.14,-0.854],[19.922,-6.885],[19.922,-24.512],[20.996,-35.107],[25.269,-40.649],[31.689,-42.676],[38.916,-39.233],[40.82,-29.395],[40.82,-6.885],[47.412,1.221],[52.271,-0.83],[54.102,-6.885],[54.102,-32.422],[53.613,-39.233],[51.709,-44.58],[45.532,-50.83],[36.523,-52.979],[30.225,-52.124],[24.878,-49.561],[19.922,-44.922],[19.922,-64.697]],"c":true},"ix":2},"nm":"h","mn":"ADBE Vector Shape - Group","hd":false}],"nm":"h","np":3,"cix":2,"bm":0,"ix":1,"mn":"ADBE Vector Group","hd":false}]},"fFamily":"Arial Rounded MT Bold"}]}